Player,Opp,FGM,FGA,FG0_19,FG20_29,FG30_39,FG40_49,FG50,XPM,XPA,Points,Made,0-19,20-29,30-39,40-49,50+,Week,Name,_position,_team
Brandon AubreyK - DAL,@PHI,2.24,0.0,0.41,0.48,0.53,0.53,9.15,,,,,,,,,,1,Brandon Aubrey,K,DAL
Matt GayK - WAS,NYG,2.91,0.0,0.47,0.53,0.47,0.33,8.97,,,,,,,,,,1,Matt Gay,K,WAS
Chase McLaughlinK - TB,@ATL,2.73,0.0,0.39,0.52,0.52,0.39,8.97,,,,,,,,,,1,Chase McLaughlin,K,TB
Tyler BassK - BUFQ,BAL,3.21,0.0,0.4,0.53,0.53,0.27,8.94,,,,,,,,,,1,Tyler Bass,K,BUFQ
Jake BatesK - DET,@GB,2.99,0.0,0.32,0.51,0.51,0.38,8.91,,,,,,,,,,1,Jake Bates,K,DET
Cameron DickerK - LAC,KC,2.39,0.07,0.36,0.56,0.56,0.37,8.89,,,,,,,,,,1,Cameron Dicker,K,LAC
Jake ElliottK - PHI,DAL,2.94,0.0,0.47,0.53,0.53,0.27,8.88,,,,,,,,,,1,Jake Elliott,K,PHI
Harrison ButkerK - KC,@LAC,2.74,0.07,0.37,0.51,0.44,0.38,8.81,,,,,,,,,,1,Harrison Butker,K,KC
Cam LittleK - JAX,CAR,2.51,0.0,0.48,0.54,0.48,0.34,8.71,,,,,,,,,,1,Cam Little,K,JAX
Evan McPhersonK - CIN,@CLE,2.79,0.0,0.39,0.52,0.52,0.32,8.68,,,,,,,,,,1,Evan McPherson,K,CIN
Ka'imi FairbairnK - HOU,@LAR,2.27,0.0,0.43,0.56,0.49,0.37,8.56,,,,,,,,,,1,Ka'imi Fairbairn,K,HOU
Wil LutzK - DEN,TEN,2.32,0.0,0.46,0.51,0.46,0.39,8.56,,,,,,,,,,1,Wil Lutz,K,DEN
Tyler LoopK - BALView News,@BUF,2.93,0.0,0.32,0.52,0.59,0.26,8.52,,,,,,,,,,1,Tyler Loop,K,BAL
Brandon McManusK - GB,DET,2.37,0.0,0.46,0.52,0.52,0.33,8.52,,,,,,,,,,1,Brandon McManus,K,GB
Daniel CarlsonK - LV,@NE,2.1,0.0,0.43,0.43,0.49,0.43,8.3,,,,,,,,,,1,Daniel Carlson,K,LV
Chris BoswellK - PIT,@NYJ,2.06,0.0,0.42,0.54,0.48,0.37,8.23,,,,,,,,,,1,Chris Boswell,K,PIT
Younghoe KooK - ATL,TB,2.09,0.0,0.38,0.51,0.51,0.38,8.19,,,,,,,,,,1,Younghoe Koo,K,ATL
Will ReichardK - MIN,@CHI,2.27,0.0,0.37,0.49,0.49,0.37,8.17,,,,,,,,,,1,Will Reichard,K,MIN
Joshua KartyK - LAR,HOU,2.18,0.0,0.44,0.51,0.51,0.32,8.16,,,,,,,,,,1,Joshua Karty,K,LAR
Chad RylandK - ARI,@NO,2.18,0.0,0.39,0.51,0.51,0.32,8.01,,,,,,,,,,1,Chad Ryland,K,ARI
Jason SandersK - MIA,@IND,2.29,0.0,0.44,0.51,0.51,0.26,7.97,,,,,,,,,,1,Jason Sanders,K,MIA
Cairo SantosK - CHI,MIN,1.93,0.0,0.43,0.5,0.56,0.24,7.6,,,,,,,,,,1,Cairo Santos,K,CHI
Jason MyersK - SEA,SF,2.02,0.0,0.43,0.49,0.49,0.24,7.45,,,,,,,,,,1,Jason Myers,K,SEA
Spencer ShraderK - INDView News,MIA,2.07,0.0,0.31,0.57,0.57,0.19,7.37,,,,,,,,,,1,Spencer Shrader,K,IND
Blake GrupeK - NO,ARI,1.79,0.0,0.34,0.46,0.4,0.29,6.84,,,,,,,,,,1,Blake Grupe,K,NO
Blake GrupeK - NO,ARI,1.79,0.0,0.34,0.46,0.4,0.29,6.84,,,,,,,,,,1,Blake Grupe,K,NO
Graham GanoK - NYG,@WAS,1.71,0.0,0.36,0.47,0.41,0.23,6.58,,,,,,,,,,1,Graham Gano,K,NYG
Dustin HopkinsK - CLEView News,CIN,1.59,0.0,0.36,0.47,0.41,0.23,6.46,,,,,,,,,,1,Dustin Hopkins,K,CLE
Joey SlyeK - TEN,@DEN,1.63,0.0,0.33,0.39,0.39,0.28,6.36,,,,,,,,,,1,Joey Slye,K,TEN
Jake MoodyK - SFView News,@SEA,2.14,0.0,0.2,0.46,0.41,0.2,6.35,,,,,,,,,,1,Jake Moody,K,SF
Nick FolkK - NYJ,PIT,1.69,0.0,0.31,0.46,0.41,0.15,5.98,,,,,,,,,,1,Nick Folk,K,NYJ
Andy BorregalesK - NE,LV,1.74,0.0,0.3,0.4,0.4,0.15,5.79,,,,,,,,,,1,Andy Borregales,K,NE
Matthew WrightK - CAR,@JAX,1.58,0.0,0.29,0.44,0.39,0.15,5.69,,,,,,,,,,1,Matthew Wright,K,CAR
Ryan FitzgeraldK - CAR,@JAX,0.4,0.0,0.1,0.1,0.1,0.1,1.8,,,,,,,,,,1,Ryan Fitzgerald,K,CAR
John Parker RomoK - NE,LV,0.47,0.0,0.07,0.13,0.07,0.07,1.63,,,,,,,,,,1,John Parker Romo,K,NE
Harrison MevisK - NYJ,PIT,0.18,0.0,0.02,0.05,0.05,0.02,0.64,,,,,,,,,,1,Harrison Mevis,K,NYJ
Caden DavisK - BUF,BAL,0.0,0.0,0.0,0.0,0.0,0.0,0.0,,,,,,,,,,1,Caden Davis,K,BUF
Jude McAtamneyK - NYG,@WAS,0.0,0.0,0.0,0.0,0.0,0.0,0.0,,,,,,,,,,1,Jude McAtamney,K,NYG
Ben SaulsK - PIT,@NYJ,0.0,0.0,0.0,0.0,0.0,0.0,0.0,,,,,,,,,,1,Ben Sauls,K,PIT
Charlie SmythK - NO,ARI,0.0,0.0,0.0,0.0,0.0,0.0,0.0,,,,,,,,,,1,Charlie Smyth,K,NO
Anders CarlsonK,Bye,0.0,0.0,0.0,0.0,0.0,0.0,0.0,,,,,,,,,,1,Anders Carlson,K,
Ryan CoeK,Bye,0.0,0.0,0.0,0.0,0.0,0.0,0.0,,,,,,,,,,1,Ryan Coe,K,
Zane GonzalezK,Bye,0.0,0.0,0.0,0.0,0.0,0.0,0.0,,,,,,,,,,1,Zane Gonzalez,K,
Alex HaleK,Bye,0.0,0.0,0.0,0.0,0.0,0.0,0.0,,,,,,,,,,1,Alex Hale,K,
John HoylandK,Bye,0.0,0.0,0.0,0.0,0.0,0.0,0.0,,,,,,,,,,1,John Hoyland,K,
Greg JosephK,Bye,0.0,0.0,0.0,0.0,0.0,0.0,0.0,,,,,,,,,,1,Greg Joseph,K,
Jonathan KimK,Bye,0.0,0.0,0.0,0.0,0.0,0.0,0.0,,,,,,,,,,1,Jonathan Kim,K,
Lenny KriegK - ATL,TB,0.0,0.0,0.0,0.0,0.0,0.0,0.0,,,,,,,,,,1,Lenny Krieg,K,ATL
Mark McNameeK - GB,DET,0.0,0.0,0.0,0.0,0.0,0.0,0.0,,,,,,,,,,1,Mark McNamee,K,GB
Riley PattersonK,Bye,0.0,0.0,0.0,0.0,0.0,0.0,0.0,,,,,,,,,,1,Riley Patterson,K,
Brandon AubreyK - DAL,NYG,2.14,0.0,0.39,0.45,0.51,0.51,8.74,,,,,,,,,,2,Brandon Aubrey,K,DAL
Cameron DickerK - LAC,@LV,2.19,0.06,0.34,0.51,0.51,0.34,8.15,,,,,,,,,,2,Cameron Dicker,K,LAC
Jake BatesK - DET,CHI,2.64,0.0,0.28,0.45,0.45,0.34,7.88,,,,,,,,,,2,Jake Bates,K,DET
Harrison ButkerK - KC,PHI,2.42,0.06,0.34,0.45,0.39,0.34,7.84,,,,,,,,,,2,Harrison Butker,K,KC
Ka'imi FairbairnK - HOU,TB,2.08,0.0,0.39,0.51,0.45,0.34,7.83,,,,,,,,,,2,Ka'imi Fairbairn,K,HOU
Chase McLaughlinK - TB,@HOU,2.36,0.0,0.34,0.45,0.45,0.34,7.78,,,,,,,,,,2,Chase McLaughlin,K,TB
Chris BoswellK - PIT,SEA,1.91,0.0,0.39,0.51,0.45,0.34,7.66,,,,,,,,,,2,Chris Boswell,K,PIT
Tyler LoopK - BALView News,CLE,2.53,0.0,0.28,0.51,0.51,0.23,7.58,,,,,,,,,,2,Tyler Loop,K,BAL
Tyler BassK - BUFQ,@NYJ,2.7,0.0,0.34,0.45,0.45,0.23,7.57,,,,,,,,,,2,Tyler Bass,K,BUFQ
Matt GayK - WAS,@GB,2.48,0.0,0.39,0.45,0.39,0.28,7.57,,,,,,,,,,2,Matt Gay,K,WAS
Daniel CarlsonK - LV,LAC,1.91,0.0,0.39,0.39,0.45,0.39,7.55,,,,,,,,,,2,Daniel Carlson,K,LV
Evan McPhersonK - CIN,JAX,2.42,0.0,0.34,0.45,0.45,0.28,7.54,,,,,,,,,,2,Evan McPherson,K,CIN
Will ReichardK - MIN,ATL,2.08,0.0,0.34,0.45,0.45,0.34,7.5,,,,,,,,,,2,Will Reichard,K,MIN
Wil LutzK - DEN,@IND,2.03,0.0,0.39,0.45,0.39,0.34,7.42,,,,,,,,,,2,Wil Lutz,K,DEN
Jake ElliottK - PHI,@KC,2.36,0.0,0.39,0.45,0.45,0.23,7.38,,,,,,,,,,2,Jake Elliott,K,PHI
Brandon McManusK - GB,WAS,2.03,0.0,0.39,0.45,0.45,0.28,7.3,,,,,,,,,,2,Brandon McManus,K,GB
Younghoe KooK - ATL,@MIN,1.86,0.0,0.34,0.45,0.45,0.34,7.28,,,,,,,,,,2,Younghoe Koo,K,ATL
Joshua KartyK - LAR,@TEN,1.91,0.0,0.39,0.45,0.45,0.28,7.18,,,,,,,,,,2,Joshua Karty,K,LAR
Cam LittleK - JAX,@CIN,2.08,0.0,0.39,0.45,0.39,0.28,7.17,,,,,,,,,,2,Cam Little,K,JAX
Jake MoodyK - SFView News,@NO,2.36,0.0,0.23,0.51,0.45,0.23,7.08,,,,,,,,,,2,Jake Moody,K,SF
Jason SandersK - MIA,NE,2.03,0.0,0.39,0.45,0.45,0.23,7.05,,,,,,,,,,2,Jason Sanders,K,MIA
Chad RylandK - ARI,CAR,1.91,0.0,0.34,0.45,0.45,0.28,7.03,,,,,,,,,,2,Chad Ryland,K,ARI
Cairo SantosK - CHI,@DET,1.74,0.0,0.39,0.45,0.51,0.23,6.94,,,,,,,,,,2,Cairo Santos,K,CHI
Jason MyersK - SEA,@PIT,1.86,0.0,0.39,0.45,0.45,0.23,6.88,,,,,,,,,,2,Jason Myers,K,SEA
Blake GrupeK - NO,SF,1.74,0.0,0.34,0.45,0.39,0.28,6.68,,,,,,,,,,2,Blake Grupe,K,NO
Blake GrupeK - NO,SF,1.74,0.0,0.34,0.45,0.39,0.28,6.68,,,,,,,,,,2,Blake Grupe,K,NO
Spencer ShraderK - INDView News,DEN,1.86,0.0,0.28,0.51,0.51,0.17,6.61,,,,,,,,,,2,Spencer Shrader,K,IND
Matthew WrightK - CAR,@ARI,1.8,0.0,0.34,0.51,0.45,0.17,6.55,,,,,,,,,,2,Matthew Wright,K,CAR
Andy BorregalesK - NE,@MIA,1.97,0.0,0.34,0.45,0.45,0.17,6.54,,,,,,,,,,2,Andy Borregales,K,NE
Joey SlyeK - TEN,LAR,1.63,0.0,0.34,0.39,0.39,0.28,6.39,,,,,,,,,,2,Joey Slye,K,TEN
Graham GanoK - NYG,@DAL,1.63,0.0,0.34,0.45,0.39,0.23,6.32,,,,,,,,,,2,Graham Gano,K,NYG
Dustin HopkinsK - CLEView News,@BAL,1.52,0.0,0.34,0.45,0.39,0.23,6.21,,,,,,,,,,2,Dustin Hopkins,K,CLE
John Parker RomoK - NE,@MIA,0.47,0.0,0.07,0.13,0.07,0.07,1.63,,,,,,,,,,2,John Parker Romo,K,NE
Ryan FitzgeraldK - CAR,@ARI,0.2,0.0,0.05,0.05,0.05,0.05,0.9,,,,,,,,,,2,Ryan Fitzgerald,K,CAR
Caden DavisK - BUF,@NYJ,0.0,0.0,0.0,0.0,0.0,0.0,0.0,,,,,,,,,,2,Caden Davis,K,BUF
Nick FolkK - NYJ,BUF,0.0,0.0,0.0,0.0,0.0,0.0,0.0,,,,,,,,,,2,Nick Folk,K,NYJ
Jude McAtamneyK - NYG,@DAL,0.0,0.0,0.0,0.0,0.0,0.0,0.0,,,,,,,,,,2,Jude McAtamney,K,NYG
Harrison MevisK - NYJ,BUF,0.0,0.0,0.0,0.0,0.0,0.0,0.0,,,,,,,,,,2,Harrison Mevis,K,NYJ
Ben SaulsK - PIT,SEA,0.0,0.0,0.0,0.0,0.0,0.0,0.0,,,,,,,,,,2,Ben Sauls,K,PIT
Charlie SmythK - NO,SF,0.0,0.0,0.0,0.0,0.0,0.0,0.0,,,,,,,,,,2,Charlie Smyth,K,NO
Anders CarlsonK,Bye,0.0,0.0,0.0,0.0,0.0,0.0,0.0,,,,,,,,,,2,Anders Carlson,K,
Ryan CoeK,Bye,0.0,0.0,0.0,0.0,0.0,0.0,0.0,,,,,,,,,,2,Ryan Coe,K,
Zane GonzalezK,Bye,0.0,0.0,0.0,0.0,0.0,0.0,0.0,,,,,,,,,,2,Zane Gonzalez,K,
Alex HaleK,Bye,0.0,0.0,0.0,0.0,0.0,0.0,0.0,,,,,,,,,,2,Alex Hale,K,
John HoylandK,Bye,0.0,0.0,0.0,0.0,0.0,0.0,0.0,,,,,,,,,,2,John Hoyland,K,
Greg JosephK,Bye,0.0,0.0,0.0,0.0,0.0,0.0,0.0,,,,,,,,,,2,Greg Joseph,K,
Jonathan KimK,Bye,0.0,0.0,0.0,0.0,0.0,0.0,0.0,,,,,,,,,,2,Jonathan Kim,K,
Lenny KriegK - ATL,@MIN,0.0,0.0,0.0,0.0,0.0,0.0,0.0,,,,,,,,,,2,Lenny Krieg,K,ATL
Mark McNameeK - GB,WAS,0.0,0.0,0.0,0.0,0.0,0.0,0.0,,,,,,,,,,2,Mark McNamee,K,GB
Riley PattersonK,Bye,0.0,0.0,0.0,0.0,0.0,0.0,0.0,,,,,,,,,,2,Riley Patterson,K,
Brandon AubreyK - DAL,@CHI,2.14,0.0,0.39,0.45,0.51,0.51,8.74,,,,,,,,,,3,Brandon Aubrey,K,DAL
Cameron DickerK - LAC,DEN,2.19,0.06,0.34,0.51,0.51,0.34,8.15,,,,,,,,,,3,Cameron Dicker,K,LAC
Jake BatesK - DET,@BAL,2.64,0.0,0.28,0.45,0.45,0.34,7.88,,,,,,,,,,3,Jake Bates,K,DET
Harrison ButkerK - KC,@NYG,2.42,0.06,0.34,0.45,0.39,0.34,7.84,,,,,,,,,,3,Harrison Butker,K,KC
Ka'imi FairbairnK - HOU,@JAX,2.08,0.0,0.39,0.51,0.45,0.34,7.83,,,,,,,,,,3,Ka'imi Fairbairn,K,HOU
Chase McLaughlinK - TB,NYJ,2.36,0.0,0.34,0.45,0.45,0.34,7.78,,,,,,,,,,3,Chase McLaughlin,K,TB
Chris BoswellK - PIT,@NE,1.91,0.0,0.39,0.51,0.45,0.34,7.66,,,,,,,,,,3,Chris Boswell,K,PIT
Tyler LoopK - BALView News,DET,2.53,0.0,0.28,0.51,0.51,0.23,7.58,,,,,,,,,,3,Tyler Loop,K,BAL
Tyler BassK - BUFQ,MIA,2.7,0.0,0.34,0.45,0.45,0.23,7.57,,,,,,,,,,3,Tyler Bass,K,BUFQ
Matt GayK - WAS,LV,2.48,0.0,0.39,0.45,0.39,0.28,7.57,,,,,,,,,,3,Matt Gay,K,WAS
Daniel CarlsonK - LV,@WAS,1.91,0.0,0.39,0.39,0.45,0.39,7.55,,,,,,,,,,3,Daniel Carlson,K,LV
Evan McPhersonK - CIN,@MIN,2.42,0.0,0.34,0.45,0.45,0.28,7.54,,,,,,,,,,3,Evan McPherson,K,CIN
Will ReichardK - MIN,CIN,2.08,0.0,0.34,0.45,0.45,0.34,7.5,,,,,,,,,,3,Will Reichard,K,MIN
Wil LutzK - DEN,@LAC,2.03,0.0,0.39,0.45,0.39,0.34,7.42,,,,,,,,,,3,Wil Lutz,K,DEN
Jake ElliottK - PHI,LAR,2.36,0.0,0.39,0.45,0.45,0.23,7.38,,,,,,,,,,3,Jake Elliott,K,PHI
Brandon McManusK - GB,@CLE,2.03,0.0,0.39,0.45,0.45,0.28,7.3,,,,,,,,,,3,Brandon McManus,K,GB
Younghoe KooK - ATL,@CAR,1.86,0.0,0.34,0.45,0.45,0.34,7.28,,,,,,,,,,3,Younghoe Koo,K,ATL
Joshua KartyK - LAR,@PHI,1.91,0.0,0.39,0.45,0.45,0.28,7.18,,,,,,,,,,3,Joshua Karty,K,LAR
Cam LittleK - JAX,HOU,2.08,0.0,0.39,0.45,0.39,0.28,7.17,,,,,,,,,,3,Cam Little,K,JAX
Jake MoodyK - SFView News,ARI,2.36,0.0,0.23,0.51,0.45,0.23,7.08,,,,,,,,,,3,Jake Moody,K,SF
Jason SandersK - MIA,@BUF,2.03,0.0,0.39,0.45,0.45,0.23,7.05,,,,,,,,,,3,Jason Sanders,K,MIA
Chad RylandK - ARI,@SF,1.91,0.0,0.34,0.45,0.45,0.28,7.03,,,,,,,,,,3,Chad Ryland,K,ARI
Cairo SantosK - CHI,DAL,1.74,0.0,0.39,0.45,0.51,0.23,6.94,,,,,,,,,,3,Cairo Santos,K,CHI
Jason MyersK - SEA,NO,1.86,0.0,0.39,0.45,0.45,0.23,6.88,,,,,,,,,,3,Jason Myers,K,SEA
Blake GrupeK - NO,@SEA,1.74,0.0,0.34,0.45,0.39,0.28,6.68,,,,,,,,,,3,Blake Grupe,K,NO
Blake GrupeK - NO,@SEA,1.74,0.0,0.34,0.45,0.39,0.28,6.68,,,,,,,,,,3,Blake Grupe,K,NO
Spencer ShraderK - INDView News,@TEN,1.86,0.0,0.28,0.51,0.51,0.17,6.61,,,,,,,,,,3,Spencer Shrader,K,IND
Matthew WrightK - CAR,ATL,1.8,0.0,0.34,0.51,0.45,0.17,6.55,,,,,,,,,,3,Matthew Wright,K,CAR
Andy BorregalesK - NE,PIT,1.97,0.0,0.34,0.45,0.45,0.17,6.54,,,,,,,,,,3,Andy Borregales,K,NE
Joey SlyeK - TEN,IND,1.63,0.0,0.34,0.39,0.39,0.28,6.39,,,,,,,,,,3,Joey Slye,K,TEN
Graham GanoK - NYG,KC,1.63,0.0,0.34,0.45,0.39,0.23,6.32,,,,,,,,,,3,Graham Gano,K,NYG
Dustin HopkinsK - CLEView News,GB,1.52,0.0,0.34,0.45,0.39,0.23,6.21,,,,,,,,,,3,Dustin Hopkins,K,CLE
John Parker RomoK - NE,PIT,0.47,0.0,0.07,0.13,0.07,0.07,1.63,,,,,,,,,,3,John Parker Romo,K,NE
Ryan FitzgeraldK - CAR,ATL,0.2,0.0,0.05,0.05,0.05,0.05,0.9,,,,,,,,,,3,Ryan Fitzgerald,K,CAR
Caden DavisK - BUF,MIA,0.0,0.0,0.0,0.0,0.0,0.0,0.0,,,,,,,,,,3,Caden Davis,K,BUF
Nick FolkK - NYJ,@TB,0.0,0.0,0.0,0.0,0.0,0.0,0.0,,,,,,,,,,3,Nick Folk,K,NYJ
Jude McAtamneyK - NYG,KC,0.0,0.0,0.0,0.0,0.0,0.0,0.0,,,,,,,,,,3,Jude McAtamney,K,NYG
Harrison MevisK - NYJ,@TB,0.0,0.0,0.0,0.0,0.0,0.0,0.0,,,,,,,,,,3,Harrison Mevis,K,NYJ
Ben SaulsK - PIT,@NE,0.0,0.0,0.0,0.0,0.0,0.0,0.0,,,,,,,,,,3,Ben Sauls,K,PIT
Charlie SmythK - NO,@SEA,0.0,0.0,0.0,0.0,0.0,0.0,0.0,,,,,,,,,,3,Charlie Smyth,K,NO
Anders CarlsonK,Bye,0.0,0.0,0.0,0.0,0.0,0.0,0.0,,,,,,,,,,3,Anders Carlson,K,
Ryan CoeK,Bye,0.0,0.0,0.0,0.0,0.0,0.0,0.0,,,,,,,,,,3,Ryan Coe,K,
Zane GonzalezK,Bye,0.0,0.0,0.0,0.0,0.0,0.0,0.0,,,,,,,,,,3,Zane Gonzalez,K,
Alex HaleK,Bye,0.0,0.0,0.0,0.0,0.0,0.0,0.0,,,,,,,,,,3,Alex Hale,K,
John HoylandK,Bye,0.0,0.0,0.0,0.0,0.0,0.0,0.0,,,,,,,,,,3,John Hoyland,K,
Greg JosephK,Bye,0.0,0.0,0.0,0.0,0.0,0.0,0.0,,,,,,,,,,3,Greg Joseph,K,
Jonathan KimK,Bye,0.0,0.0,0.0,0.0,0.0,0.0,0.0,,,,,,,,,,3,Jonathan Kim,K,
Lenny KriegK - ATL,@CAR,0.0,0.0,0.0,0.0,0.0,0.0,0.0,,,,,,,,,,3,Lenny Krieg,K,ATL
Mark McNameeK - GB,@CLE,0.0,0.0,0.0,0.0,0.0,0.0,0.0,,,,,,,,,,3,Mark McNamee,K,GB
Riley PattersonK,Bye,0.0,0.0,0.0,0.0,0.0,0.0,0.0,,,,,,,,,,3,Riley Patterson,K,
Brandon AubreyK - DAL,GB,2.14,0.0,0.39,0.45,0.51,0.51,8.74,,,,,,,,,,4,Brandon Aubrey,K,DAL
Cameron DickerK - LAC,@NYG,2.19,0.06,0.34,0.51,0.51,0.34,8.15,,,,,,,,,,4,Cameron Dicker,K,LAC
Jake BatesK - DET,CLE,2.64,0.0,0.28,0.45,0.45,0.34,7.88,,,,,,,,,,4,Jake Bates,K,DET
Harrison ButkerK - KC,BAL,2.42,0.06,0.34,0.45,0.39,0.34,7.84,,,,,,,,,,4,Harrison Butker,K,KC
Ka'imi FairbairnK - HOU,TEN,2.08,0.0,0.39,0.51,0.45,0.34,7.83,,,,,,,,,,4,Ka'imi Fairbairn,K,HOU
Chase McLaughlinK - TB,PHI,2.36,0.0,0.34,0.45,0.45,0.34,7.78,,,,,,,,,,4,Chase McLaughlin,K,TB
Chris BoswellK - PIT,MIN,1.91,0.0,0.39,0.51,0.45,0.34,7.66,,,,,,,,,,4,Chris Boswell,K,PIT
Tyler LoopK - BALView News,@KC,2.53,0.0,0.28,0.51,0.51,0.23,7.58,,,,,,,,,,4,Tyler Loop,K,BAL
Tyler BassK - BUFQ,NO,2.7,0.0,0.34,0.45,0.45,0.23,7.57,,,,,,,,,,4,Tyler Bass,K,BUFQ
Matt GayK - WAS,@ATL,2.48,0.0,0.39,0.45,0.39,0.28,7.57,,,,,,,,,,4,Matt Gay,K,WAS
Daniel CarlsonK - LV,CHI,1.91,0.0,0.39,0.39,0.45,0.39,7.55,,,,,,,,,,4,Daniel Carlson,K,LV
Evan McPhersonK - CIN,@DEN,2.42,0.0,0.34,0.45,0.45,0.28,7.54,,,,,,,,,,4,Evan McPherson,K,CIN
Will ReichardK - MIN,@PIT,2.08,0.0,0.34,0.45,0.45,0.34,7.5,,,,,,,,,,4,Will Reichard,K,MIN
Wil LutzK - DEN,CIN,2.03,0.0,0.39,0.45,0.39,0.34,7.42,,,,,,,,,,4,Wil Lutz,K,DEN
Jake ElliottK - PHI,@TB,2.36,0.0,0.39,0.45,0.45,0.23,7.38,,,,,,,,,,4,Jake Elliott,K,PHI
Brandon McManusK - GB,@DAL,2.03,0.0,0.39,0.45,0.45,0.28,7.3,,,,,,,,,,4,Brandon McManus,K,GB
Younghoe KooK - ATL,WAS,1.86,0.0,0.34,0.45,0.45,0.34,7.28,,,,,,,,,,4,Younghoe Koo,K,ATL
Joshua KartyK - LAR,IND,1.91,0.0,0.39,0.45,0.45,0.28,7.18,,,,,,,,,,4,Joshua Karty,K,LAR
Cam LittleK - JAX,@SF,2.08,0.0,0.39,0.45,0.39,0.28,7.17,,,,,,,,,,4,Cam Little,K,JAX
Jake MoodyK - SFView News,JAX,2.36,0.0,0.23,0.51,0.45,0.23,7.08,,,,,,,,,,4,Jake Moody,K,SF
Jason SandersK - MIA,NYJ,2.03,0.0,0.39,0.45,0.45,0.23,7.05,,,,,,,,,,4,Jason Sanders,K,MIA
Chad RylandK - ARI,SEA,1.91,0.0,0.34,0.45,0.45,0.28,7.03,,,,,,,,,,4,Chad Ryland,K,ARI
Cairo SantosK - CHI,@LV,1.74,0.0,0.39,0.45,0.51,0.23,6.94,,,,,,,,,,4,Cairo Santos,K,CHI
Jason MyersK - SEA,@ARI,1.86,0.0,0.39,0.45,0.45,0.23,6.88,,,,,,,,,,4,Jason Myers,K,SEA
Blake GrupeK - NO,@BUF,1.74,0.0,0.34,0.45,0.39,0.28,6.68,,,,,,,,,,4,Blake Grupe,K,NO
Blake GrupeK - NO,@BUF,1.74,0.0,0.34,0.45,0.39,0.28,6.68,,,,,,,,,,4,Blake Grupe,K,NO
Spencer ShraderK - INDView News,@LAR,1.86,0.0,0.28,0.51,0.51,0.17,6.61,,,,,,,,,,4,Spencer Shrader,K,IND
Matthew WrightK - CAR,@NE,1.8,0.0,0.34,0.51,0.45,0.17,6.55,,,,,,,,,,4,Matthew Wright,K,CAR
Andy BorregalesK - NE,CAR,1.97,0.0,0.34,0.45,0.45,0.17,6.54,,,,,,,,,,4,Andy Borregales,K,NE
Joey SlyeK - TEN,@HOU,1.63,0.0,0.34,0.39,0.39,0.28,6.39,,,,,,,,,,4,Joey Slye,K,TEN
Graham GanoK - NYG,LAC,1.63,0.0,0.34,0.45,0.39,0.23,6.32,,,,,,,,,,4,Graham Gano,K,NYG
Dustin HopkinsK - CLEView News,@DET,1.52,0.0,0.34,0.45,0.39,0.23,6.21,,,,,,,,,,4,Dustin Hopkins,K,CLE
John Parker RomoK - NE,CAR,0.47,0.0,0.07,0.13,0.07,0.07,1.63,,,,,,,,,,4,John Parker Romo,K,NE
Ryan FitzgeraldK - CAR,@NE,0.2,0.0,0.05,0.05,0.05,0.05,0.9,,,,,,,,,,4,Ryan Fitzgerald,K,CAR
Caden DavisK - BUF,NO,0.0,0.0,0.0,0.0,0.0,0.0,0.0,,,,,,,,,,4,Caden Davis,K,BUF
Nick FolkK - NYJ,@MIA,0.0,0.0,0.0,0.0,0.0,0.0,0.0,,,,,,,,,,4,Nick Folk,K,NYJ
Jude McAtamneyK - NYG,LAC,0.0,0.0,0.0,0.0,0.0,0.0,0.0,,,,,,,,,,4,Jude McAtamney,K,NYG
Harrison MevisK - NYJ,@MIA,0.0,0.0,0.0,0.0,0.0,0.0,0.0,,,,,,,,,,4,Harrison Mevis,K,NYJ
Ben SaulsK - PIT,MIN,0.0,0.0,0.0,0.0,0.0,0.0,0.0,,,,,,,,,,4,Ben Sauls,K,PIT
Charlie SmythK - NO,@BUF,0.0,0.0,0.0,0.0,0.0,0.0,0.0,,,,,,,,,,4,Charlie Smyth,K,NO
Anders CarlsonK,Bye,0.0,0.0,0.0,0.0,0.0,0.0,0.0,,,,,,,,,,4,Anders Carlson,K,
Ryan CoeK,Bye,0.0,0.0,0.0,0.0,0.0,0.0,0.0,,,,,,,,,,4,Ryan Coe,K,
Zane GonzalezK,Bye,0.0,0.0,0.0,0.0,0.0,0.0,0.0,,,,,,,,,,4,Zane Gonzalez,K,
Alex HaleK,Bye,0.0,0.0,0.0,0.0,0.0,0.0,0.0,,,,,,,,,,4,Alex Hale,K,
John HoylandK,Bye,0.0,0.0,0.0,0.0,0.0,0.0,0.0,,,,,,,,,,4,John Hoyland,K,
Greg JosephK,Bye,0.0,0.0,0.0,0.0,0.0,0.0,0.0,,,,,,,,,,4,Greg Joseph,K,
Jonathan KimK,Bye,0.0,0.0,0.0,0.0,0.0,0.0,0.0,,,,,,,,,,4,Jonathan Kim,K,
Lenny KriegK - ATL,WAS,0.0,0.0,0.0,0.0,0.0,0.0,0.0,,,,,,,,,,4,Lenny Krieg,K,ATL
Mark McNameeK - GB,@DAL,0.0,0.0,0.0,0.0,0.0,0.0,0.0,,,,,,,,,,4,Mark McNamee,K,GB
Riley PattersonK,Bye,0.0,0.0,0.0,0.0,0.0,0.0,0.0,,,,,,,,,,4,Riley Patterson,K,
Brandon AubreyK - DAL,@NYJ,2.14,0.0,0.39,0.45,0.51,0.51,8.74,,,,,,,,,,5,Brandon Aubrey,K,DAL
Cameron DickerK - LAC,WAS,2.19,0.06,0.34,0.51,0.51,0.34,8.15,,,,,,,,,,5,Cameron Dicker,K,LAC
Jake BatesK - DET,@CIN,2.64,0.0,0.28,0.45,0.45,0.34,7.88,,,,,,,,,,5,Jake Bates,K,DET
Harrison ButkerK - KC,@JAX,2.42,0.06,0.34,0.45,0.39,0.34,7.84,,,,,,,,,,5,Harrison Butker,K,KC
Ka'imi FairbairnK - HOU,@BAL,2.08,0.0,0.39,0.51,0.45,0.34,7.83,,,,,,,,,,5,Ka'imi Fairbairn,K,HOU
Chase McLaughlinK - TB,@SEA,2.36,0.0,0.34,0.45,0.45,0.34,7.78,,,,,,,,,,5,Chase McLaughlin,K,TB
Tyler LoopK - BALView News,HOU,2.53,0.0,0.28,0.51,0.51,0.23,7.58,,,,,,,,,,5,Tyler Loop,K,BAL
Tyler BassK - BUFQ,NE,2.7,0.0,0.34,0.45,0.45,0.23,7.57,,,,,,,,,,5,Tyler Bass,K,BUFQ
Matt GayK - WAS,@LAC,2.48,0.0,0.39,0.45,0.39,0.28,7.57,,,,,,,,,,5,Matt Gay,K,WAS
Daniel CarlsonK - LV,@IND,1.91,0.0,0.39,0.39,0.45,0.39,7.55,,,,,,,,,,5,Daniel Carlson,K,LV
Evan McPhersonK - CIN,DET,2.42,0.0,0.34,0.45,0.45,0.28,7.54,,,,,,,,,,5,Evan McPherson,K,CIN
Will ReichardK - MIN,@CLE,2.08,0.0,0.34,0.45,0.45,0.34,7.5,,,,,,,,,,5,Will Reichard,K,MIN
Wil LutzK - DEN,@PHI,2.03,0.0,0.39,0.45,0.39,0.34,7.42,,,,,,,,,,5,Wil Lutz,K,DEN
Jake ElliottK - PHI,DEN,2.36,0.0,0.39,0.45,0.45,0.23,7.38,,,,,,,,,,5,Jake Elliott,K,PHI
Joshua KartyK - LAR,SF,1.91,0.0,0.39,0.45,0.45,0.28,7.18,,,,,,,,,,5,Joshua Karty,K,LAR
Cam LittleK - JAX,KC,2.08,0.0,0.39,0.45,0.39,0.28,7.17,,,,,,,,,,5,Cam Little,K,JAX
Jake MoodyK - SFView News,@LAR,2.36,0.0,0.23,0.51,0.45,0.23,7.08,,,,,,,,,,5,Jake Moody,K,SF
Jason SandersK - MIA,@CAR,2.03,0.0,0.39,0.45,0.45,0.23,7.05,,,,,,,,,,5,Jason Sanders,K,MIA
Chad RylandK - ARI,TEN,1.91,0.0,0.34,0.45,0.45,0.28,7.03,,,,,,,,,,5,Chad Ryland,K,ARI
Jason MyersK - SEA,TB,1.86,0.0,0.39,0.45,0.45,0.23,6.88,,,,,,,,,,5,Jason Myers,K,SEA
Blake GrupeK - NO,NYG,1.74,0.0,0.34,0.45,0.39,0.28,6.68,,,,,,,,,,5,Blake Grupe,K,NO
Spencer ShraderK - INDView News,LV,1.86,0.0,0.28,0.51,0.51,0.17,6.61,,,,,,,,,,5,Spencer Shrader,K,IND
Matthew WrightK - CAR,MIA,1.8,0.0,0.34,0.51,0.45,0.17,6.55,,,,,,,,,,5,Matthew Wright,K,CAR
Andy BorregalesK - NE,@BUF,1.97,0.0,0.34,0.45,0.45,0.17,6.54,,,,,,,,,,5,Andy Borregales,K,NE
Joey SlyeK - TEN,@ARI,1.63,0.0,0.34,0.39,0.39,0.28,6.39,,,,,,,,,,5,Joey Slye,K,TEN
Joey SlyeK - TEN,@ARI,1.63,0.0,0.34,0.39,0.39,0.28,6.39,,,,,,,,,,5,Joey Slye,K,TEN
Graham GanoK - NYG,@NO,1.63,0.0,0.34,0.45,0.39,0.23,6.32,,,,,,,,,,5,Graham Gano,K,NYG
Dustin HopkinsK - CLEView News,MIN,1.52,0.0,0.34,0.45,0.39,0.23,6.21,,,,,,,,,,5,Dustin Hopkins,K,CLE
John Parker RomoK - NE,@BUF,0.47,0.0,0.07,0.13,0.07,0.07,1.63,,,,,,,,,,5,John Parker Romo,K,NE
Ryan FitzgeraldK - CAR,MIA,0.2,0.0,0.05,0.05,0.05,0.05,0.9,,,,,,,,,,5,Ryan Fitzgerald,K,CAR
Caden DavisK - BUF,NE,0.0,0.0,0.0,0.0,0.0,0.0,0.0,,,,,,,,,,5,Caden Davis,K,BUF
Nick FolkK - NYJ,DAL,0.0,0.0,0.0,0.0,0.0,0.0,0.0,,,,,,,,,,5,Nick Folk,K,NYJ
Jude McAtamneyK - NYG,@NO,0.0,0.0,0.0,0.0,0.0,0.0,0.0,,,,,,,,,,5,Jude McAtamney,K,NYG
Harrison MevisK - NYJ,DAL,0.0,0.0,0.0,0.0,0.0,0.0,0.0,,,,,,,,,,5,Harrison Mevis,K,NYJ
Charlie SmythK - NO,NYG,0.0,0.0,0.0,0.0,0.0,0.0,0.0,,,,,,,,,,5,Charlie Smyth,K,NO
Chris BoswellK - PIT,Bye,0.0,0.0,0.0,0.0,0.0,0.0,0.0,,,,,,,,,,5,Chris Boswell,K,PIT
Anders CarlsonK,Bye,0.0,0.0,0.0,0.0,0.0,0.0,0.0,,,,,,,,,,5,Anders Carlson,K,
Ryan CoeK,Bye,0.0,0.0,0.0,0.0,0.0,0.0,0.0,,,,,,,,,,5,Ryan Coe,K,
Zane GonzalezK,Bye,0.0,0.0,0.0,0.0,0.0,0.0,0.0,,,,,,,,,,5,Zane Gonzalez,K,
Alex HaleK,Bye,0.0,0.0,0.0,0.0,0.0,0.0,0.0,,,,,,,,,,5,Alex Hale,K,
John HoylandK,Bye,0.0,0.0,0.0,0.0,0.0,0.0,0.0,,,,,,,,,,5,John Hoyland,K,
Greg JosephK,Bye,0.0,0.0,0.0,0.0,0.0,0.0,0.0,,,,,,,,,,5,Greg Joseph,K,
Jonathan KimK,Bye,0.0,0.0,0.0,0.0,0.0,0.0,0.0,,,,,,,,,,5,Jonathan Kim,K,
Younghoe KooK - ATL,Bye,0.0,0.0,0.0,0.0,0.0,0.0,0.0,,,,,,,,,,5,Younghoe Koo,K,ATL
Lenny KriegK - ATL,Bye,0.0,0.0,0.0,0.0,0.0,0.0,0.0,,,,,,,,,,5,Lenny Krieg,K,ATL
Brandon McManusK - GB,Bye,0.0,0.0,0.0,0.0,0.0,0.0,0.0,,,,,,,,,,5,Brandon McManus,K,GB
Mark McNameeK - GB,Bye,0.0,0.0,0.0,0.0,0.0,0.0,0.0,,,,,,,,,,5,Mark McNamee,K,GB
Riley PattersonK,Bye,0.0,0.0,0.0,0.0,0.0,0.0,0.0,,,,,,,,,,5,Riley Patterson,K,
Eddy PineiroK,Bye,0.0,0.0,0.0,0.0,0.0,0.0,0.0,,,,,,,,,,5,Eddy Pineiro,K,
Matt PraterKQ,Bye,0.0,0.0,0.0,0.0,0.0,0.0,0.0,,,,,,,,,,5,Matt Prater,,KQ
Brandon AubreyK - DAL,@CAR,2.14,0.0,0.39,0.45,0.51,0.51,8.74,,,,,,,,,,6,Brandon Aubrey,K,DAL
Cameron DickerK - LAC,@MIA,2.19,0.06,0.34,0.51,0.51,0.34,8.15,,,,,,,,,,6,Cameron Dicker,K,LAC
Jake BatesK - DET,@KC,2.64,0.0,0.28,0.45,0.45,0.34,7.88,,,,,,,,,,6,Jake Bates,K,DET
Harrison ButkerK - KC,DET,2.42,0.06,0.34,0.45,0.39,0.34,7.84,,,,,,,,,,6,Harrison Butker,K,KC
Chase McLaughlinK - TB,SF,2.36,0.0,0.34,0.45,0.45,0.34,7.78,,,,,,,,,,6,Chase McLaughlin,K,TB
Chris BoswellK - PIT,CLE,1.91,0.0,0.39,0.51,0.45,0.34,7.66,,,,,,,,,,6,Chris Boswell,K,PIT
Tyler LoopK - BALView News,LAR,2.53,0.0,0.28,0.51,0.51,0.23,7.58,,,,,,,,,,6,Tyler Loop,K,BAL
Tyler BassK - BUFQ,@ATL,2.7,0.0,0.34,0.45,0.45,0.23,7.57,,,,,,,,,,6,Tyler Bass,K,BUFQ
Matt GayK - WAS,CHI,2.48,0.0,0.39,0.45,0.39,0.28,7.57,,,,,,,,,,6,Matt Gay,K,WAS
Daniel CarlsonK - LV,TEN,1.91,0.0,0.39,0.39,0.45,0.39,7.55,,,,,,,,,,6,Daniel Carlson,K,LV
Evan McPhersonK - CIN,@GB,2.42,0.0,0.34,0.45,0.45,0.28,7.54,,,,,,,,,,6,Evan McPherson,K,CIN
Wil LutzK - DEN,@NYJ,2.03,0.0,0.39,0.45,0.39,0.34,7.42,,,,,,,,,,6,Wil Lutz,K,DEN
Jake ElliottK - PHI,@NYG,2.36,0.0,0.39,0.45,0.45,0.23,7.38,,,,,,,,,,6,Jake Elliott,K,PHI
Brandon McManusK - GB,CIN,2.03,0.0,0.39,0.45,0.45,0.28,7.3,,,,,,,,,,6,Brandon McManus,K,GB
Younghoe KooK - ATL,BUF,1.86,0.0,0.34,0.45,0.45,0.34,7.28,,,,,,,,,,6,Younghoe Koo,K,ATL
Joshua KartyK - LAR,@BAL,1.91,0.0,0.39,0.45,0.45,0.28,7.18,,,,,,,,,,6,Joshua Karty,K,LAR
Cam LittleK - JAX,SEA,2.08,0.0,0.39,0.45,0.39,0.28,7.17,,,,,,,,,,6,Cam Little,K,JAX
Jake MoodyK - SFView News,@TB,2.36,0.0,0.23,0.51,0.45,0.23,7.08,,,,,,,,,,6,Jake Moody,K,SF
Jason SandersK - MIA,LAC,2.03,0.0,0.39,0.45,0.45,0.23,7.05,,,,,,,,,,6,Jason Sanders,K,MIA
Chad RylandK - ARI,@IND,1.91,0.0,0.34,0.45,0.45,0.28,7.03,,,,,,,,,,6,Chad Ryland,K,ARI
Cairo SantosK - CHI,@WAS,1.74,0.0,0.39,0.45,0.51,0.23,6.94,,,,,,,,,,6,Cairo Santos,K,CHI
Jason MyersK - SEA,@JAX,1.86,0.0,0.39,0.45,0.45,0.23,6.88,,,,,,,,,,6,Jason Myers,K,SEA
Blake GrupeK - NO,NE,1.74,0.0,0.34,0.45,0.39,0.28,6.68,,,,,,,,,,6,Blake Grupe,K,NO
Spencer ShraderK - INDView News,ARI,1.86,0.0,0.28,0.51,0.51,0.17,6.61,,,,,,,,,,6,Spencer Shrader,K,IND
Matthew WrightK - CAR,DAL,1.8,0.0,0.34,0.51,0.45,0.17,6.55,,,,,,,,,,6,Matthew Wright,K,CAR
Matthew WrightK - CAR,DAL,1.8,0.0,0.34,0.51,0.45,0.17,6.55,,,,,,,,,,6,Matthew Wright,K,CAR
Andy BorregalesK - NE,@NO,1.97,0.0,0.34,0.45,0.45,0.17,6.54,,,,,,,,,,6,Andy Borregales,K,NE
Joey SlyeK - TEN,@LV,1.63,0.0,0.34,0.39,0.39,0.28,6.39,,,,,,,,,,6,Joey Slye,K,TEN
Graham GanoK - NYG,PHI,1.63,0.0,0.34,0.45,0.39,0.23,6.32,,,,,,,,,,6,Graham Gano,K,NYG
Dustin HopkinsK - CLEView News,@PIT,1.52,0.0,0.34,0.45,0.39,0.23,6.21,,,,,,,,,,6,Dustin Hopkins,K,CLE
John Parker RomoK - NE,@NO,0.47,0.0,0.07,0.13,0.07,0.07,1.63,,,,,,,,,,6,John Parker Romo,K,NE
Ryan FitzgeraldK - CAR,DAL,0.2,0.0,0.05,0.05,0.05,0.05,0.9,,,,,,,,,,6,Ryan Fitzgerald,K,CAR
Caden DavisK - BUF,@ATL,0.0,0.0,0.0,0.0,0.0,0.0,0.0,,,,,,,,,,6,Caden Davis,K,BUF
Nick FolkK - NYJ,DEN,0.0,0.0,0.0,0.0,0.0,0.0,0.0,,,,,,,,,,6,Nick Folk,K,NYJ
Jude McAtamneyK - NYG,PHI,0.0,0.0,0.0,0.0,0.0,0.0,0.0,,,,,,,,,,6,Jude McAtamney,K,NYG
Harrison MevisK - NYJ,DEN,0.0,0.0,0.0,0.0,0.0,0.0,0.0,,,,,,,,,,6,Harrison Mevis,K,NYJ
Ben SaulsK - PIT,CLE,0.0,0.0,0.0,0.0,0.0,0.0,0.0,,,,,,,,,,6,Ben Sauls,K,PIT
Charlie SmythK - NO,NE,0.0,0.0,0.0,0.0,0.0,0.0,0.0,,,,,,,,,,6,Charlie Smyth,K,NO
Anders CarlsonK,Bye,0.0,0.0,0.0,0.0,0.0,0.0,0.0,,,,,,,,,,6,Anders Carlson,K,
Ryan CoeK,Bye,0.0,0.0,0.0,0.0,0.0,0.0,0.0,,,,,,,,,,6,Ryan Coe,K,
Ka'imi FairbairnK - HOU,Bye,0.0,0.0,0.0,0.0,0.0,0.0,0.0,,,,,,,,,,6,Ka'imi Fairbairn,K,HOU
Zane GonzalezK,Bye,0.0,0.0,0.0,0.0,0.0,0.0,0.0,,,,,,,,,,6,Zane Gonzalez,K,
Alex HaleK,Bye,0.0,0.0,0.0,0.0,0.0,0.0,0.0,,,,,,,,,,6,Alex Hale,K,
John HoylandK,Bye,0.0,0.0,0.0,0.0,0.0,0.0,0.0,,,,,,,,,,6,John Hoyland,K,
Greg JosephK,Bye,0.0,0.0,0.0,0.0,0.0,0.0,0.0,,,,,,,,,,6,Greg Joseph,K,
Jonathan KimK,Bye,0.0,0.0,0.0,0.0,0.0,0.0,0.0,,,,,,,,,,6,Jonathan Kim,K,
Lenny KriegK - ATL,BUF,0.0,0.0,0.0,0.0,0.0,0.0,0.0,,,,,,,,,,6,Lenny Krieg,K,ATL
Mark McNameeK - GB,CIN,0.0,0.0,0.0,0.0,0.0,0.0,0.0,,,,,,,,,,6,Mark McNamee,K,GB
Riley PattersonK,Bye,0.0,0.0,0.0,0.0,0.0,0.0,0.0,,,,,,,,,,6,Riley Patterson,K,
Eddy PineiroK,Bye,0.0,0.0,0.0,0.0,0.0,0.0,0.0,,,,,,,,,,6,Eddy Pineiro,K,
Brandon AubreyK - DAL,WAS,2.14,0.0,0.39,0.45,0.51,0.51,8.74,,,,,,,,,,7,Brandon Aubrey,K,DAL
Cameron DickerK - LAC,IND,2.19,0.06,0.34,0.51,0.51,0.34,8.15,,,,,,,,,,7,Cameron Dicker,K,LAC
Jake BatesK - DET,TB,2.64,0.0,0.28,0.45,0.45,0.34,7.88,,,,,,,,,,7,Jake Bates,K,DET
Harrison ButkerK - KC,LV,2.42,0.06,0.34,0.45,0.39,0.34,7.84,,,,,,,,,,7,Harrison Butker,K,KC
Ka'imi FairbairnK - HOU,@SEA,2.08,0.0,0.39,0.51,0.45,0.34,7.83,,,,,,,,,,7,Ka'imi Fairbairn,K,HOU
Chase McLaughlinK - TB,@DET,2.36,0.0,0.34,0.45,0.45,0.34,7.78,,,,,,,,,,7,Chase McLaughlin,K,TB
Chris BoswellK - PIT,@CIN,1.91,0.0,0.39,0.51,0.45,0.34,7.66,,,,,,,,,,7,Chris Boswell,K,PIT
Matt GayK - WAS,@DAL,2.48,0.0,0.39,0.45,0.39,0.28,7.57,,,,,,,,,,7,Matt Gay,K,WAS
Daniel CarlsonK - LV,@KC,1.91,0.0,0.39,0.39,0.45,0.39,7.55,,,,,,,,,,7,Daniel Carlson,K,LV
Evan McPhersonK - CIN,PIT,2.42,0.0,0.34,0.45,0.45,0.28,7.54,,,,,,,,,,7,Evan McPherson,K,CIN
Will ReichardK - MIN,PHI,2.08,0.0,0.34,0.45,0.45,0.34,7.5,,,,,,,,,,7,Will Reichard,K,MIN
Wil LutzK - DEN,NYG,2.03,0.0,0.39,0.45,0.39,0.34,7.42,,,,,,,,,,7,Wil Lutz,K,DEN
Jake ElliottK - PHI,@MIN,2.36,0.0,0.39,0.45,0.45,0.23,7.38,,,,,,,,,,7,Jake Elliott,K,PHI
Brandon McManusK - GB,@ARI,2.03,0.0,0.39,0.45,0.45,0.28,7.3,,,,,,,,,,7,Brandon McManus,K,GB
Younghoe KooK - ATL,@SF,1.86,0.0,0.34,0.45,0.45,0.34,7.28,,,,,,,,,,7,Younghoe Koo,K,ATL
Joshua KartyK - LAR,@JAX,1.91,0.0,0.39,0.45,0.45,0.28,7.18,,,,,,,,,,7,Joshua Karty,K,LAR
Cam LittleK - JAX,LAR,2.08,0.0,0.39,0.45,0.39,0.28,7.17,,,,,,,,,,7,Cam Little,K,JAX
Jake MoodyK - SFView News,ATL,2.36,0.0,0.23,0.51,0.45,0.23,7.08,,,,,,,,,,7,Jake Moody,K,SF
Jason SandersK - MIA,@CLE,2.03,0.0,0.39,0.45,0.45,0.23,7.05,,,,,,,,,,7,Jason Sanders,K,MIA
Chad RylandK - ARI,GB,1.91,0.0,0.34,0.45,0.45,0.28,7.03,,,,,,,,,,7,Chad Ryland,K,ARI
Cairo SantosK - CHI,NO,1.74,0.0,0.39,0.45,0.51,0.23,6.94,,,,,,,,,,7,Cairo Santos,K,CHI
Jason MyersK - SEA,HOU,1.86,0.0,0.39,0.45,0.45,0.23,6.88,,,,,,,,,,7,Jason Myers,K,SEA
Blake GrupeK - NO,@CHI,1.74,0.0,0.34,0.45,0.39,0.28,6.68,,,,,,,,,,7,Blake Grupe,K,NO
Spencer ShraderK - INDView News,@LAC,1.86,0.0,0.28,0.51,0.51,0.17,6.61,,,,,,,,,,7,Spencer Shrader,K,IND
Matthew WrightK - CAR,@NYJ,1.8,0.0,0.34,0.51,0.45,0.17,6.55,,,,,,,,,,7,Matthew Wright,K,CAR
Matthew WrightK - CAR,@NYJ,1.8,0.0,0.34,0.51,0.45,0.17,6.55,,,,,,,,,,7,Matthew Wright,K,CAR
Andy BorregalesK - NE,@TEN,1.97,0.0,0.34,0.45,0.45,0.17,6.54,,,,,,,,,,7,Andy Borregales,K,NE
Joey SlyeK - TEN,NE,1.63,0.0,0.34,0.39,0.39,0.28,6.39,,,,,,,,,,7,Joey Slye,K,TEN
Graham GanoK - NYG,@DEN,1.63,0.0,0.34,0.45,0.39,0.23,6.32,,,,,,,,,,7,Graham Gano,K,NYG
Dustin HopkinsK - CLEView News,MIA,1.52,0.0,0.34,0.45,0.39,0.23,6.21,,,,,,,,,,7,Dustin Hopkins,K,CLE
John Parker RomoK - NE,@TEN,0.47,0.0,0.07,0.13,0.07,0.07,1.63,,,,,,,,,,7,John Parker Romo,K,NE
Ryan FitzgeraldK - CAR,@NYJ,0.2,0.0,0.05,0.05,0.05,0.05,0.9,,,,,,,,,,7,Ryan Fitzgerald,K,CAR
Nick FolkK - NYJ,CAR,0.0,0.0,0.0,0.0,0.0,0.0,0.0,,,,,,,,,,7,Nick Folk,K,NYJ
Jude McAtamneyK - NYG,@DEN,0.0,0.0,0.0,0.0,0.0,0.0,0.0,,,,,,,,,,7,Jude McAtamney,K,NYG
Harrison MevisK - NYJ,CAR,0.0,0.0,0.0,0.0,0.0,0.0,0.0,,,,,,,,,,7,Harrison Mevis,K,NYJ
Ben SaulsK - PIT,@CIN,0.0,0.0,0.0,0.0,0.0,0.0,0.0,,,,,,,,,,7,Ben Sauls,K,PIT
Charlie SmythK - NO,@CHI,0.0,0.0,0.0,0.0,0.0,0.0,0.0,,,,,,,,,,7,Charlie Smyth,K,NO
Tyler BassK - BUFQ,Bye,0.0,0.0,0.0,0.0,0.0,0.0,0.0,,,,,,,,,,7,Tyler Bass,K,BUFQ
Anders CarlsonK,Bye,0.0,0.0,0.0,0.0,0.0,0.0,0.0,,,,,,,,,,7,Anders Carlson,K,
Ryan CoeK,Bye,0.0,0.0,0.0,0.0,0.0,0.0,0.0,,,,,,,,,,7,Ryan Coe,K,
Caden DavisK - BUF,Bye,0.0,0.0,0.0,0.0,0.0,0.0,0.0,,,,,,,,,,7,Caden Davis,K,BUF
Zane GonzalezK,Bye,0.0,0.0,0.0,0.0,0.0,0.0,0.0,,,,,,,,,,7,Zane Gonzalez,K,
Alex HaleK,Bye,0.0,0.0,0.0,0.0,0.0,0.0,0.0,,,,,,,,,,7,Alex Hale,K,
John HoylandK,Bye,0.0,0.0,0.0,0.0,0.0,0.0,0.0,,,,,,,,,,7,John Hoyland,K,
Greg JosephK,Bye,0.0,0.0,0.0,0.0,0.0,0.0,0.0,,,,,,,,,,7,Greg Joseph,K,
Jonathan KimK,Bye,0.0,0.0,0.0,0.0,0.0,0.0,0.0,,,,,,,,,,7,Jonathan Kim,K,
Lenny KriegK - ATL,@SF,0.0,0.0,0.0,0.0,0.0,0.0,0.0,,,,,,,,,,7,Lenny Krieg,K,ATL
Tyler LoopK - BALView News,Bye,0.0,0.0,0.0,0.0,0.0,0.0,0.0,,,,,,,,,,7,Tyler Loop,K,BAL
Mark McNameeK - GB,@ARI,0.0,0.0,0.0,0.0,0.0,0.0,0.0,,,,,,,,,,7,Mark McNamee,K,GB
Riley PattersonK,Bye,0.0,0.0,0.0,0.0,0.0,0.0,0.0,,,,,,,,,,7,Riley Patterson,K,
Brandon AubreyK - DAL,@DEN,2.14,0.0,0.39,0.45,0.51,0.51,8.74,,,,,,,,,,8,Brandon Aubrey,K,DAL
Cameron DickerK - LAC,MIN,2.19,0.06,0.34,0.51,0.51,0.34,8.15,,,,,,,,,,8,Cameron Dicker,K,LAC
Harrison ButkerK - KC,WAS,2.42,0.06,0.34,0.45,0.39,0.34,7.84,,,,,,,,,,8,Harrison Butker,K,KC
Ka'imi FairbairnK - HOU,SF,2.08,0.0,0.39,0.51,0.45,0.34,7.83,,,,,,,,,,8,Ka'imi Fairbairn,K,HOU
Chase McLaughlinK - TB,@NO,2.36,0.0,0.34,0.45,0.45,0.34,7.78,,,,,,,,,,8,Chase McLaughlin,K,TB
Chris BoswellK - PIT,GB,1.91,0.0,0.39,0.51,0.45,0.34,7.66,,,,,,,,,,8,Chris Boswell,K,PIT
Tyler LoopK - BALView News,CHI,2.53,0.0,0.28,0.51,0.51,0.23,7.58,,,,,,,,,,8,Tyler Loop,K,BAL
Tyler BassK - BUFQ,@CAR,2.7,0.0,0.34,0.45,0.45,0.23,7.57,,,,,,,,,,8,Tyler Bass,K,BUFQ
Matt GayK - WAS,@KC,2.48,0.0,0.39,0.45,0.39,0.28,7.57,,,,,,,,,,8,Matt Gay,K,WAS
Evan McPhersonK - CIN,NYJ,2.42,0.0,0.34,0.45,0.45,0.28,7.54,,,,,,,,,,8,Evan McPherson,K,CIN
Will ReichardK - MIN,@LAC,2.08,0.0,0.34,0.45,0.45,0.34,7.5,,,,,,,,,,8,Will Reichard,K,MIN
Wil LutzK - DEN,DAL,2.03,0.0,0.39,0.45,0.39,0.34,7.42,,,,,,,,,,8,Wil Lutz,K,DEN
Jake ElliottK - PHI,NYG,2.36,0.0,0.39,0.45,0.45,0.23,7.38,,,,,,,,,,8,Jake Elliott,K,PHI
Brandon McManusK - GB,@PIT,2.03,0.0,0.39,0.45,0.45,0.28,7.3,,,,,,,,,,8,Brandon McManus,K,GB
Younghoe KooK - ATL,MIA,1.86,0.0,0.34,0.45,0.45,0.34,7.28,,,,,,,,,,8,Younghoe Koo,K,ATL
Jake MoodyK - SFView News,@HOU,2.36,0.0,0.23,0.51,0.45,0.23,7.08,,,,,,,,,,8,Jake Moody,K,SF
Jason SandersK - MIA,@ATL,2.03,0.0,0.39,0.45,0.45,0.23,7.05,,,,,,,,,,8,Jason Sanders,K,MIA
Cairo SantosK - CHI,@BAL,1.74,0.0,0.39,0.45,0.51,0.23,6.94,,,,,,,,,,8,Cairo Santos,K,CHI
Blake GrupeK - NO,TB,1.74,0.0,0.34,0.45,0.39,0.28,6.68,,,,,,,,,,8,Blake Grupe,K,NO
Spencer ShraderK - INDView News,TEN,1.86,0.0,0.28,0.51,0.51,0.17,6.61,,,,,,,,,,8,Spencer Shrader,K,IND
Matthew WrightK - CAR,BUF,1.8,0.0,0.34,0.51,0.45,0.17,6.55,,,,,,,,,,8,Matthew Wright,K,CAR
Andy BorregalesK - NE,CLE,1.97,0.0,0.34,0.45,0.45,0.17,6.54,,,,,,,,,,8,Andy Borregales,K,NE
Joey SlyeK - TEN,@IND,1.63,0.0,0.34,0.39,0.39,0.28,6.39,,,,,,,,,,8,Joey Slye,K,TEN
Graham GanoK - NYG,@PHI,1.63,0.0,0.34,0.45,0.39,0.23,6.32,,,,,,,,,,8,Graham Gano,K,NYG
Dustin HopkinsK - CLEView News,@NE,1.52,0.0,0.34,0.45,0.39,0.23,6.21,,,,,,,,,,8,Dustin Hopkins,K,CLE
Dustin HopkinsK - CLEView News,@NE,1.52,0.0,0.34,0.45,0.39,0.23,6.21,,,,,,,,,,8,Dustin Hopkins,K,CLE
John Parker RomoK - NE,CLE,0.47,0.0,0.07,0.13,0.07,0.07,1.63,,,,,,,,,,8,John Parker Romo,K,NE
Ryan FitzgeraldK - CAR,BUF,0.2,0.0,0.05,0.05,0.05,0.05,0.9,,,,,,,,,,8,Ryan Fitzgerald,K,CAR
Caden DavisK - BUF,@CAR,0.0,0.0,0.0,0.0,0.0,0.0,0.0,,,,,,,,,,8,Caden Davis,K,BUF
Nick FolkK - NYJ,@CIN,0.0,0.0,0.0,0.0,0.0,0.0,0.0,,,,,,,,,,8,Nick Folk,K,NYJ
Jude McAtamneyK - NYG,@PHI,0.0,0.0,0.0,0.0,0.0,0.0,0.0,,,,,,,,,,8,Jude McAtamney,K,NYG
Harrison MevisK - NYJ,@CIN,0.0,0.0,0.0,0.0,0.0,0.0,0.0,,,,,,,,,,8,Harrison Mevis,K,NYJ
Ben SaulsK - PIT,GB,0.0,0.0,0.0,0.0,0.0,0.0,0.0,,,,,,,,,,8,Ben Sauls,K,PIT
Charlie SmythK - NO,TB,0.0,0.0,0.0,0.0,0.0,0.0,0.0,,,,,,,,,,8,Charlie Smyth,K,NO
Jake BatesK - DET,Bye,0.0,0.0,0.0,0.0,0.0,0.0,0.0,,,,,,,,,,8,Jake Bates,K,DET
Anders CarlsonK,Bye,0.0,0.0,0.0,0.0,0.0,0.0,0.0,,,,,,,,,,8,Anders Carlson,K,
Daniel CarlsonK - LV,Bye,0.0,0.0,0.0,0.0,0.0,0.0,0.0,,,,,,,,,,8,Daniel Carlson,K,LV
Ryan CoeK,Bye,0.0,0.0,0.0,0.0,0.0,0.0,0.0,,,,,,,,,,8,Ryan Coe,K,
Zane GonzalezK,Bye,0.0,0.0,0.0,0.0,0.0,0.0,0.0,,,,,,,,,,8,Zane Gonzalez,K,
Alex HaleK,Bye,0.0,0.0,0.0,0.0,0.0,0.0,0.0,,,,,,,,,,8,Alex Hale,K,
John HoylandK,Bye,0.0,0.0,0.0,0.0,0.0,0.0,0.0,,,,,,,,,,8,John Hoyland,K,
Greg JosephK,Bye,0.0,0.0,0.0,0.0,0.0,0.0,0.0,,,,,,,,,,8,Greg Joseph,K,
Joshua KartyK - LAR,Bye,0.0,0.0,0.0,0.0,0.0,0.0,0.0,,,,,,,,,,8,Joshua Karty,K,LAR
Jonathan KimK,Bye,0.0,0.0,0.0,0.0,0.0,0.0,0.0,,,,,,,,,,8,Jonathan Kim,K,
Lenny KriegK - ATL,MIA,0.0,0.0,0.0,0.0,0.0,0.0,0.0,,,,,,,,,,8,Lenny Krieg,K,ATL
Cam LittleK - JAX,Bye,0.0,0.0,0.0,0.0,0.0,0.0,0.0,,,,,,,,,,8,Cam Little,K,JAX
Mark McNameeK - GB,@PIT,0.0,0.0,0.0,0.0,0.0,0.0,0.0,,,,,,,,,,8,Mark McNamee,K,GB
Jason MyersK - SEA,Bye,0.0,0.0,0.0,0.0,0.0,0.0,0.0,,,,,,,,,,8,Jason Myers,K,SEA
Riley PattersonK,Bye,0.0,0.0,0.0,0.0,0.0,0.0,0.0,,,,,,,,,,8,Riley Patterson,K,
Eddy PineiroK,Bye,0.0,0.0,0.0,0.0,0.0,0.0,0.0,,,,,,,,,,8,Eddy Pineiro,K,
Brandon AubreyK - DAL,ARI,2.14,0.0,0.39,0.45,0.51,0.51,8.74,,,,,,,,,,9,Brandon Aubrey,K,DAL
Cameron DickerK - LAC,@TEN,2.19,0.06,0.34,0.51,0.51,0.34,8.15,,,,,,,,,,9,Cameron Dicker,K,LAC
Jake BatesK - DET,MIN,2.64,0.0,0.28,0.45,0.45,0.34,7.88,,,,,,,,,,9,Jake Bates,K,DET
Harrison ButkerK - KC,@BUF,2.42,0.06,0.34,0.45,0.39,0.34,7.84,,,,,,,,,,9,Harrison Butker,K,KC
Ka'imi FairbairnK - HOU,DEN,2.08,0.0,0.39,0.51,0.45,0.34,7.83,,,,,,,,,,9,Ka'imi Fairbairn,K,HOU
Chris BoswellK - PIT,IND,1.91,0.0,0.39,0.51,0.45,0.34,7.66,,,,,,,,,,9,Chris Boswell,K,PIT
Tyler LoopK - BALView News,@MIA,2.53,0.0,0.28,0.51,0.51,0.23,7.58,,,,,,,,,,9,Tyler Loop,K,BAL
Tyler BassK - BUFQ,KC,2.7,0.0,0.34,0.45,0.45,0.23,7.57,,,,,,,,,,9,Tyler Bass,K,BUFQ
Matt GayK - WAS,SEA,2.48,0.0,0.39,0.45,0.39,0.28,7.57,,,,,,,,,,9,Matt Gay,K,WAS
Daniel CarlsonK - LV,JAX,1.91,0.0,0.39,0.39,0.45,0.39,7.55,,,,,,,,,,9,Daniel Carlson,K,LV
Evan McPhersonK - CIN,CHI,2.42,0.0,0.34,0.45,0.45,0.28,7.54,,,,,,,,,,9,Evan McPherson,K,CIN
Will ReichardK - MIN,@DET,2.08,0.0,0.34,0.45,0.45,0.34,7.5,,,,,,,,,,9,Will Reichard,K,MIN
Wil LutzK - DEN,@HOU,2.03,0.0,0.39,0.45,0.39,0.34,7.42,,,,,,,,,,9,Wil Lutz,K,DEN
Brandon McManusK - GB,CAR,2.03,0.0,0.39,0.45,0.45,0.28,7.3,,,,,,,,,,9,Brandon McManus,K,GB
Younghoe KooK - ATL,@NE,1.86,0.0,0.34,0.45,0.45,0.34,7.28,,,,,,,,,,9,Younghoe Koo,K,ATL
Joshua KartyK - LAR,NO,1.91,0.0,0.39,0.45,0.45,0.28,7.18,,,,,,,,,,9,Joshua Karty,K,LAR
Cam LittleK - JAX,@LV,2.08,0.0,0.39,0.45,0.39,0.28,7.17,,,,,,,,,,9,Cam Little,K,JAX
Jake MoodyK - SFView News,@NYG,2.36,0.0,0.23,0.51,0.45,0.23,7.08,,,,,,,,,,9,Jake Moody,K,SF
Jason SandersK - MIA,BAL,2.03,0.0,0.39,0.45,0.45,0.23,7.05,,,,,,,,,,9,Jason Sanders,K,MIA
Chad RylandK - ARI,@DAL,1.91,0.0,0.34,0.45,0.45,0.28,7.03,,,,,,,,,,9,Chad Ryland,K,ARI
Cairo SantosK - CHI,@CIN,1.74,0.0,0.39,0.45,0.51,0.23,6.94,,,,,,,,,,9,Cairo Santos,K,CHI
Jason MyersK - SEA,@WAS,1.86,0.0,0.39,0.45,0.45,0.23,6.88,,,,,,,,,,9,Jason Myers,K,SEA
Blake GrupeK - NO,@LAR,1.74,0.0,0.34,0.45,0.39,0.28,6.68,,,,,,,,,,9,Blake Grupe,K,NO
Spencer ShraderK - INDView News,@PIT,1.86,0.0,0.28,0.51,0.51,0.17,6.61,,,,,,,,,,9,Spencer Shrader,K,IND
Matthew WrightK - CAR,@GB,1.8,0.0,0.34,0.51,0.45,0.17,6.55,,,,,,,,,,9,Matthew Wright,K,CAR
Matthew WrightK - CAR,@GB,1.8,0.0,0.34,0.51,0.45,0.17,6.55,,,,,,,,,,9,Matthew Wright,K,CAR
Andy BorregalesK - NE,ATL,1.97,0.0,0.34,0.45,0.45,0.17,6.54,,,,,,,,,,9,Andy Borregales,K,NE
Joey SlyeK - TEN,LAC,1.63,0.0,0.34,0.39,0.39,0.28,6.39,,,,,,,,,,9,Joey Slye,K,TEN
Graham GanoK - NYG,SF,1.63,0.0,0.34,0.45,0.39,0.23,6.32,,,,,,,,,,9,Graham Gano,K,NYG
John Parker RomoK - NE,ATL,0.47,0.0,0.07,0.13,0.07,0.07,1.63,,,,,,,,,,9,John Parker Romo,K,NE
Ryan FitzgeraldK - CAR,@GB,0.2,0.0,0.05,0.05,0.05,0.05,0.9,,,,,,,,,,9,Ryan Fitzgerald,K,CAR
Caden DavisK - BUF,KC,0.0,0.0,0.0,0.0,0.0,0.0,0.0,,,,,,,,,,9,Caden Davis,K,BUF
Jude McAtamneyK - NYG,SF,0.0,0.0,0.0,0.0,0.0,0.0,0.0,,,,,,,,,,9,Jude McAtamney,K,NYG
Ben SaulsK - PIT,IND,0.0,0.0,0.0,0.0,0.0,0.0,0.0,,,,,,,,,,9,Ben Sauls,K,PIT
Charlie SmythK - NO,@LAR,0.0,0.0,0.0,0.0,0.0,0.0,0.0,,,,,,,,,,9,Charlie Smyth,K,NO
Anders CarlsonK,Bye,0.0,0.0,0.0,0.0,0.0,0.0,0.0,,,,,,,,,,9,Anders Carlson,K,
Ryan CoeK,Bye,0.0,0.0,0.0,0.0,0.0,0.0,0.0,,,,,,,,,,9,Ryan Coe,K,
Jake ElliottK - PHI,Bye,0.0,0.0,0.0,0.0,0.0,0.0,0.0,,,,,,,,,,9,Jake Elliott,K,PHI
Nick FolkK - NYJ,Bye,0.0,0.0,0.0,0.0,0.0,0.0,0.0,,,,,,,,,,9,Nick Folk,K,NYJ
Zane GonzalezK,Bye,0.0,0.0,0.0,0.0,0.0,0.0,0.0,,,,,,,,,,9,Zane Gonzalez,K,
Alex HaleK,Bye,0.0,0.0,0.0,0.0,0.0,0.0,0.0,,,,,,,,,,9,Alex Hale,K,
Dustin HopkinsK - CLEView News,Bye,0.0,0.0,0.0,0.0,0.0,0.0,0.0,,,,,,,,,,9,Dustin Hopkins,K,CLE
John HoylandK,Bye,0.0,0.0,0.0,0.0,0.0,0.0,0.0,,,,,,,,,,9,John Hoyland,K,
Greg JosephK,Bye,0.0,0.0,0.0,0.0,0.0,0.0,0.0,,,,,,,,,,9,Greg Joseph,K,
Jonathan KimK,Bye,0.0,0.0,0.0,0.0,0.0,0.0,0.0,,,,,,,,,,9,Jonathan Kim,K,
Lenny KriegK - ATL,@NE,0.0,0.0,0.0,0.0,0.0,0.0,0.0,,,,,,,,,,9,Lenny Krieg,K,ATL
Chase McLaughlinK - TB,Bye,0.0,0.0,0.0,0.0,0.0,0.0,0.0,,,,,,,,,,9,Chase McLaughlin,K,TB
Mark McNameeK - GB,CAR,0.0,0.0,0.0,0.0,0.0,0.0,0.0,,,,,,,,,,9,Mark McNamee,K,GB
Harrison MevisK - NYJ,Bye,0.0,0.0,0.0,0.0,0.0,0.0,0.0,,,,,,,,,,9,Harrison Mevis,K,NYJ
Riley PattersonK,Bye,0.0,0.0,0.0,0.0,0.0,0.0,0.0,,,,,,,,,,9,Riley Patterson,K,
Cameron DickerK - LAC,PIT,2.19,0.06,0.34,0.51,0.51,0.34,8.15,,,,,,,,,,10,Cameron Dicker,K,LAC
Jake BatesK - DET,@WAS,2.64,0.0,0.28,0.45,0.45,0.34,7.88,,,,,,,,,,10,Jake Bates,K,DET
Ka'imi FairbairnK - HOU,JAX,2.08,0.0,0.39,0.51,0.45,0.34,7.83,,,,,,,,,,10,Ka'imi Fairbairn,K,HOU
Chase McLaughlinK - TB,NE,2.36,0.0,0.34,0.45,0.45,0.34,7.78,,,,,,,,,,10,Chase McLaughlin,K,TB
Chris BoswellK - PIT,@LAC,1.91,0.0,0.39,0.51,0.45,0.34,7.66,,,,,,,,,,10,Chris Boswell,K,PIT
Tyler LoopK - BALView News,@MIN,2.53,0.0,0.28,0.51,0.51,0.23,7.58,,,,,,,,,,10,Tyler Loop,K,BAL
Tyler BassK - BUFQ,@MIA,2.7,0.0,0.34,0.45,0.45,0.23,7.57,,,,,,,,,,10,Tyler Bass,K,BUFQ
Matt GayK - WAS,DET,2.48,0.0,0.39,0.45,0.39,0.28,7.57,,,,,,,,,,10,Matt Gay,K,WAS
Daniel CarlsonK - LV,@DEN,1.91,0.0,0.39,0.39,0.45,0.39,7.55,,,,,,,,,,10,Daniel Carlson,K,LV
Will ReichardK - MIN,BAL,2.08,0.0,0.34,0.45,0.45,0.34,7.5,,,,,,,,,,10,Will Reichard,K,MIN
Wil LutzK - DEN,LV,2.03,0.0,0.39,0.45,0.39,0.34,7.42,,,,,,,,,,10,Wil Lutz,K,DEN
Jake ElliottK - PHI,@GB,2.36,0.0,0.39,0.45,0.45,0.23,7.38,,,,,,,,,,10,Jake Elliott,K,PHI
Brandon McManusK - GB,PHI,2.03,0.0,0.39,0.45,0.45,0.28,7.3,,,,,,,,,,10,Brandon McManus,K,GB
Younghoe KooK - ATL,@IND,1.86,0.0,0.34,0.45,0.45,0.34,7.28,,,,,,,,,,10,Younghoe Koo,K,ATL
Joshua KartyK - LAR,@SF,1.91,0.0,0.39,0.45,0.45,0.28,7.18,,,,,,,,,,10,Joshua Karty,K,LAR
Cam LittleK - JAX,@HOU,2.08,0.0,0.39,0.45,0.39,0.28,7.17,,,,,,,,,,10,Cam Little,K,JAX
Jake MoodyK - SFView News,LAR,2.36,0.0,0.23,0.51,0.45,0.23,7.08,,,,,,,,,,10,Jake Moody,K,SF
Jason SandersK - MIA,BUF,2.03,0.0,0.39,0.45,0.45,0.23,7.05,,,,,,,,,,10,Jason Sanders,K,MIA
Chad RylandK - ARI,@SEA,1.91,0.0,0.34,0.45,0.45,0.28,7.03,,,,,,,,,,10,Chad Ryland,K,ARI
Cairo SantosK - CHI,NYG,1.74,0.0,0.39,0.45,0.51,0.23,6.94,,,,,,,,,,10,Cairo Santos,K,CHI
Jason MyersK - SEA,ARI,1.86,0.0,0.39,0.45,0.45,0.23,6.88,,,,,,,,,,10,Jason Myers,K,SEA
Blake GrupeK - NO,@CAR,1.74,0.0,0.34,0.45,0.39,0.28,6.68,,,,,,,,,,10,Blake Grupe,K,NO
Spencer ShraderK - INDView News,ATL,1.86,0.0,0.28,0.51,0.51,0.17,6.61,,,,,,,,,,10,Spencer Shrader,K,IND
Matthew WrightK - CAR,NO,1.8,0.0,0.34,0.51,0.45,0.17,6.55,,,,,,,,,,10,Matthew Wright,K,CAR
Andy BorregalesK - NE,@TB,1.97,0.0,0.34,0.45,0.45,0.17,6.54,,,,,,,,,,10,Andy Borregales,K,NE
Andy BorregalesK - NE,@TB,1.97,0.0,0.34,0.45,0.45,0.17,6.54,,,,,,,,,,10,Andy Borregales,K,NE
Graham GanoK - NYG,@CHI,1.63,0.0,0.34,0.45,0.39,0.23,6.32,,,,,,,,,,10,Graham Gano,K,NYG
Dustin HopkinsK - CLEView News,@NYJ,1.52,0.0,0.34,0.45,0.39,0.23,6.21,,,,,,,,,,10,Dustin Hopkins,K,CLE
John Parker RomoK - NE,@TB,0.47,0.0,0.07,0.13,0.07,0.07,1.63,,,,,,,,,,10,John Parker Romo,K,NE
Ryan FitzgeraldK - CAR,NO,0.2,0.0,0.05,0.05,0.05,0.05,0.9,,,,,,,,,,10,Ryan Fitzgerald,K,CAR
Caden DavisK - BUF,@MIA,0.0,0.0,0.0,0.0,0.0,0.0,0.0,,,,,,,,,,10,Caden Davis,K,BUF
Nick FolkK - NYJ,CLE,0.0,0.0,0.0,0.0,0.0,0.0,0.0,,,,,,,,,,10,Nick Folk,K,NYJ
Jude McAtamneyK - NYG,@CHI,0.0,0.0,0.0,0.0,0.0,0.0,0.0,,,,,,,,,,10,Jude McAtamney,K,NYG
Harrison MevisK - NYJ,CLE,0.0,0.0,0.0,0.0,0.0,0.0,0.0,,,,,,,,,,10,Harrison Mevis,K,NYJ
Ben SaulsK - PIT,@LAC,0.0,0.0,0.0,0.0,0.0,0.0,0.0,,,,,,,,,,10,Ben Sauls,K,PIT
Charlie SmythK - NO,@CAR,0.0,0.0,0.0,0.0,0.0,0.0,0.0,,,,,,,,,,10,Charlie Smyth,K,NO
Brandon AubreyK - DAL,Bye,0.0,0.0,0.0,0.0,0.0,0.0,0.0,,,,,,,,,,10,Brandon Aubrey,K,DAL
Harrison ButkerK - KC,Bye,0.0,0.0,0.0,0.0,0.0,0.0,0.0,,,,,,,,,,10,Harrison Butker,K,KC
Anders CarlsonK,Bye,0.0,0.0,0.0,0.0,0.0,0.0,0.0,,,,,,,,,,10,Anders Carlson,K,
Ryan CoeK,Bye,0.0,0.0,0.0,0.0,0.0,0.0,0.0,,,,,,,,,,10,Ryan Coe,K,
Zane GonzalezK,Bye,0.0,0.0,0.0,0.0,0.0,0.0,0.0,,,,,,,,,,10,Zane Gonzalez,K,
Alex HaleK,Bye,0.0,0.0,0.0,0.0,0.0,0.0,0.0,,,,,,,,,,10,Alex Hale,K,
John HoylandK,Bye,0.0,0.0,0.0,0.0,0.0,0.0,0.0,,,,,,,,,,10,John Hoyland,K,
Greg JosephK,Bye,0.0,0.0,0.0,0.0,0.0,0.0,0.0,,,,,,,,,,10,Greg Joseph,K,
Jonathan KimK,Bye,0.0,0.0,0.0,0.0,0.0,0.0,0.0,,,,,,,,,,10,Jonathan Kim,K,
Lenny KriegK - ATL,@IND,0.0,0.0,0.0,0.0,0.0,0.0,0.0,,,,,,,,,,10,Lenny Krieg,K,ATL
Mark McNameeK - GB,PHI,0.0,0.0,0.0,0.0,0.0,0.0,0.0,,,,,,,,,,10,Mark McNamee,K,GB
Evan McPhersonK - CIN,Bye,0.0,0.0,0.0,0.0,0.0,0.0,0.0,,,,,,,,,,10,Evan McPherson,K,CIN
Riley PattersonK,Bye,0.0,0.0,0.0,0.0,0.0,0.0,0.0,,,,,,,,,,10,Riley Patterson,K,
Eddy PineiroK,Bye,0.0,0.0,0.0,0.0,0.0,0.0,0.0,,,,,,,,,,10,Eddy Pineiro,K,
Brandon AubreyK - DAL,@LV,2.14,0.0,0.39,0.45,0.51,0.51,8.74,,,,,,,,,,11,Brandon Aubrey,K,DAL
Cameron DickerK - LAC,@JAX,2.19,0.06,0.34,0.51,0.51,0.34,8.15,,,,,,,,,,11,Cameron Dicker,K,LAC
Jake BatesK - DET,@PHI,2.64,0.0,0.28,0.45,0.45,0.34,7.88,,,,,,,,,,11,Jake Bates,K,DET
Harrison ButkerK - KC,@DEN,2.42,0.06,0.34,0.45,0.39,0.34,7.84,,,,,,,,,,11,Harrison Butker,K,KC
Ka'imi FairbairnK - HOU,@TEN,2.08,0.0,0.39,0.51,0.45,0.34,7.83,,,,,,,,,,11,Ka'imi Fairbairn,K,HOU
Chase McLaughlinK - TB,@BUF,2.36,0.0,0.34,0.45,0.45,0.34,7.78,,,,,,,,,,11,Chase McLaughlin,K,TB
Chris BoswellK - PIT,CIN,1.91,0.0,0.39,0.51,0.45,0.34,7.66,,,,,,,,,,11,Chris Boswell,K,PIT
Tyler LoopK - BALView News,@CLE,2.53,0.0,0.28,0.51,0.51,0.23,7.58,,,,,,,,,,11,Tyler Loop,K,BAL
Tyler BassK - BUFQ,TB,2.7,0.0,0.34,0.45,0.45,0.23,7.57,,,,,,,,,,11,Tyler Bass,K,BUFQ
Matt GayK - WAS,@MIA,2.48,0.0,0.39,0.45,0.39,0.28,7.57,,,,,,,,,,11,Matt Gay,K,WAS
Daniel CarlsonK - LV,DAL,1.91,0.0,0.39,0.39,0.45,0.39,7.55,,,,,,,,,,11,Daniel Carlson,K,LV
Evan McPhersonK - CIN,@PIT,2.42,0.0,0.34,0.45,0.45,0.28,7.54,,,,,,,,,,11,Evan McPherson,K,CIN
Will ReichardK - MIN,CHI,2.08,0.0,0.34,0.45,0.45,0.34,7.5,,,,,,,,,,11,Will Reichard,K,MIN
Wil LutzK - DEN,KC,2.03,0.0,0.39,0.45,0.39,0.34,7.42,,,,,,,,,,11,Wil Lutz,K,DEN
Jake ElliottK - PHI,DET,2.36,0.0,0.39,0.45,0.45,0.23,7.38,,,,,,,,,,11,Jake Elliott,K,PHI
Brandon McManusK - GB,@NYG,2.03,0.0,0.39,0.45,0.45,0.28,7.3,,,,,,,,,,11,Brandon McManus,K,GB
Younghoe KooK - ATL,CAR,1.86,0.0,0.34,0.45,0.45,0.34,7.28,,,,,,,,,,11,Younghoe Koo,K,ATL
Joshua KartyK - LAR,SEA,1.91,0.0,0.39,0.45,0.45,0.28,7.18,,,,,,,,,,11,Joshua Karty,K,LAR
Cam LittleK - JAX,LAC,2.08,0.0,0.39,0.45,0.39,0.28,7.17,,,,,,,,,,11,Cam Little,K,JAX
Jake MoodyK - SFView News,@ARI,2.36,0.0,0.23,0.51,0.45,0.23,7.08,,,,,,,,,,11,Jake Moody,K,SF
Jason SandersK - MIA,WAS,2.03,0.0,0.39,0.45,0.45,0.23,7.05,,,,,,,,,,11,Jason Sanders,K,MIA
Chad RylandK - ARI,SF,1.91,0.0,0.34,0.45,0.45,0.28,7.03,,,,,,,,,,11,Chad Ryland,K,ARI
Cairo SantosK - CHI,@MIN,1.74,0.0,0.39,0.45,0.51,0.23,6.94,,,,,,,,,,11,Cairo Santos,K,CHI
Jason MyersK - SEA,@LAR,1.86,0.0,0.39,0.45,0.45,0.23,6.88,,,,,,,,,,11,Jason Myers,K,SEA
Matthew WrightK - CAR,@ATL,1.8,0.0,0.34,0.51,0.45,0.17,6.55,,,,,,,,,,11,Matthew Wright,K,CAR
Matthew WrightK - CAR,@ATL,1.8,0.0,0.34,0.51,0.45,0.17,6.55,,,,,,,,,,11,Matthew Wright,K,CAR
Andy BorregalesK - NE,NYJ,1.97,0.0,0.34,0.45,0.45,0.17,6.54,,,,,,,,,,11,Andy Borregales,K,NE
Joey SlyeK - TEN,HOU,1.63,0.0,0.34,0.39,0.39,0.28,6.39,,,,,,,,,,11,Joey Slye,K,TEN
Graham GanoK - NYG,GB,1.63,0.0,0.34,0.45,0.39,0.23,6.32,,,,,,,,,,11,Graham Gano,K,NYG
Dustin HopkinsK - CLEView News,BAL,1.52,0.0,0.34,0.45,0.39,0.23,6.21,,,,,,,,,,11,Dustin Hopkins,K,CLE
John Parker RomoK - NE,NYJ,0.47,0.0,0.07,0.13,0.07,0.07,1.63,,,,,,,,,,11,John Parker Romo,K,NE
Ryan FitzgeraldK - CAR,@ATL,0.2,0.0,0.05,0.05,0.05,0.05,0.9,,,,,,,,,,11,Ryan Fitzgerald,K,CAR
Caden DavisK - BUF,TB,0.0,0.0,0.0,0.0,0.0,0.0,0.0,,,,,,,,,,11,Caden Davis,K,BUF
Nick FolkK - NYJ,@NE,0.0,0.0,0.0,0.0,0.0,0.0,0.0,,,,,,,,,,11,Nick Folk,K,NYJ
Jude McAtamneyK - NYG,GB,0.0,0.0,0.0,0.0,0.0,0.0,0.0,,,,,,,,,,11,Jude McAtamney,K,NYG
Harrison MevisK - NYJ,@NE,0.0,0.0,0.0,0.0,0.0,0.0,0.0,,,,,,,,,,11,Harrison Mevis,K,NYJ
Ben SaulsK - PIT,CIN,0.0,0.0,0.0,0.0,0.0,0.0,0.0,,,,,,,,,,11,Ben Sauls,K,PIT
Anders CarlsonK,Bye,0.0,0.0,0.0,0.0,0.0,0.0,0.0,,,,,,,,,,11,Anders Carlson,K,
Ryan CoeK,Bye,0.0,0.0,0.0,0.0,0.0,0.0,0.0,,,,,,,,,,11,Ryan Coe,K,
Zane GonzalezK,Bye,0.0,0.0,0.0,0.0,0.0,0.0,0.0,,,,,,,,,,11,Zane Gonzalez,K,
Blake GrupeK - NO,Bye,0.0,0.0,0.0,0.0,0.0,0.0,0.0,,,,,,,,,,11,Blake Grupe,K,NO
Alex HaleK,Bye,0.0,0.0,0.0,0.0,0.0,0.0,0.0,,,,,,,,,,11,Alex Hale,K,
John HoylandK,Bye,0.0,0.0,0.0,0.0,0.0,0.0,0.0,,,,,,,,,,11,John Hoyland,K,
Greg JosephK,Bye,0.0,0.0,0.0,0.0,0.0,0.0,0.0,,,,,,,,,,11,Greg Joseph,K,
Jonathan KimK,Bye,0.0,0.0,0.0,0.0,0.0,0.0,0.0,,,,,,,,,,11,Jonathan Kim,K,
Lenny KriegK - ATL,CAR,0.0,0.0,0.0,0.0,0.0,0.0,0.0,,,,,,,,,,11,Lenny Krieg,K,ATL
Mark McNameeK - GB,@NYG,0.0,0.0,0.0,0.0,0.0,0.0,0.0,,,,,,,,,,11,Mark McNamee,K,GB
Riley PattersonK,Bye,0.0,0.0,0.0,0.0,0.0,0.0,0.0,,,,,,,,,,11,Riley Patterson,K,
Eddy PineiroK,Bye,0.0,0.0,0.0,0.0,0.0,0.0,0.0,,,,,,,,,,11,Eddy Pineiro,K,
Matt PraterKQ,Bye,0.0,0.0,0.0,0.0,0.0,0.0,0.0,,,,,,,,,,11,Matt Prater,,KQ
Brandon AubreyK - DAL,PHI,2.14,0.0,0.39,0.45,0.51,0.51,8.74,,,,,,,,,,12,Brandon Aubrey,K,DAL
Jake BatesK - DET,NYG,2.64,0.0,0.28,0.45,0.45,0.34,7.88,,,,,,,,,,12,Jake Bates,K,DET
Harrison ButkerK - KC,IND,2.42,0.06,0.34,0.45,0.39,0.34,7.84,,,,,,,,,,12,Harrison Butker,K,KC
Ka'imi FairbairnK - HOU,BUF,2.08,0.0,0.39,0.51,0.45,0.34,7.83,,,,,,,,,,12,Ka'imi Fairbairn,K,HOU
Chase McLaughlinK - TB,@LAR,2.36,0.0,0.34,0.45,0.45,0.34,7.78,,,,,,,,,,12,Chase McLaughlin,K,TB
Chris BoswellK - PIT,@CHI,1.91,0.0,0.39,0.51,0.45,0.34,7.66,,,,,,,,,,12,Chris Boswell,K,PIT
Tyler LoopK - BALView News,NYJ,2.53,0.0,0.28,0.51,0.51,0.23,7.58,,,,,,,,,,12,Tyler Loop,K,BAL
Tyler BassK - BUFQ,@HOU,2.7,0.0,0.34,0.45,0.45,0.23,7.57,,,,,,,,,,12,Tyler Bass,K,BUFQ
Daniel CarlsonK - LV,CLE,1.91,0.0,0.39,0.39,0.45,0.39,7.55,,,,,,,,,,12,Daniel Carlson,K,LV
Evan McPhersonK - CIN,NE,2.42,0.0,0.34,0.45,0.45,0.28,7.54,,,,,,,,,,12,Evan McPherson,K,CIN
Will ReichardK - MIN,@GB,2.08,0.0,0.34,0.45,0.45,0.34,7.5,,,,,,,,,,12,Will Reichard,K,MIN
Jake ElliottK - PHI,@DAL,2.36,0.0,0.39,0.45,0.45,0.23,7.38,,,,,,,,,,12,Jake Elliott,K,PHI
Brandon McManusK - GB,MIN,2.03,0.0,0.39,0.45,0.45,0.28,7.3,,,,,,,,,,12,Brandon McManus,K,GB
Younghoe KooK - ATL,@NO,1.86,0.0,0.34,0.45,0.45,0.34,7.28,,,,,,,,,,12,Younghoe Koo,K,ATL
Joshua KartyK - LAR,TB,1.91,0.0,0.39,0.45,0.45,0.28,7.18,,,,,,,,,,12,Joshua Karty,K,LAR
Cam LittleK - JAX,@ARI,2.08,0.0,0.39,0.45,0.39,0.28,7.17,,,,,,,,,,12,Cam Little,K,JAX
Jake MoodyK - SFView News,CAR,2.36,0.0,0.23,0.51,0.45,0.23,7.08,,,,,,,,,,12,Jake Moody,K,SF
Chad RylandK - ARI,JAX,1.91,0.0,0.34,0.45,0.45,0.28,7.03,,,,,,,,,,12,Chad Ryland,K,ARI
Cairo SantosK - CHI,PIT,1.74,0.0,0.39,0.45,0.51,0.23,6.94,,,,,,,,,,12,Cairo Santos,K,CHI
Jason MyersK - SEA,@TEN,1.86,0.0,0.39,0.45,0.45,0.23,6.88,,,,,,,,,,12,Jason Myers,K,SEA
Blake GrupeK - NO,ATL,1.74,0.0,0.34,0.45,0.39,0.28,6.68,,,,,,,,,,12,Blake Grupe,K,NO
Spencer ShraderK - INDView News,@KC,1.86,0.0,0.28,0.51,0.51,0.17,6.61,,,,,,,,,,12,Spencer Shrader,K,IND
Matthew WrightK - CAR,@SF,1.8,0.0,0.34,0.51,0.45,0.17,6.55,,,,,,,,,,12,Matthew Wright,K,CAR
Andy BorregalesK - NE,@CIN,1.97,0.0,0.34,0.45,0.45,0.17,6.54,,,,,,,,,,12,Andy Borregales,K,NE
Joey SlyeK - TEN,SEA,1.63,0.0,0.34,0.39,0.39,0.28,6.39,,,,,,,,,,12,Joey Slye,K,TEN
Joey SlyeK - TEN,SEA,1.63,0.0,0.34,0.39,0.39,0.28,6.39,,,,,,,,,,12,Joey Slye,K,TEN
Graham GanoK - NYG,@DET,1.63,0.0,0.34,0.45,0.39,0.23,6.32,,,,,,,,,,12,Graham Gano,K,NYG
Dustin HopkinsK - CLEView News,@LV,1.52,0.0,0.34,0.45,0.39,0.23,6.21,,,,,,,,,,12,Dustin Hopkins,K,CLE
John Parker RomoK - NE,@CIN,0.47,0.0,0.07,0.13,0.07,0.07,1.63,,,,,,,,,,12,John Parker Romo,K,NE
Ryan FitzgeraldK - CAR,@SF,0.2,0.0,0.05,0.05,0.05,0.05,0.9,,,,,,,,,,12,Ryan Fitzgerald,K,CAR
Caden DavisK - BUF,@HOU,0.0,0.0,0.0,0.0,0.0,0.0,0.0,,,,,,,,,,12,Caden Davis,K,BUF
Nick FolkK - NYJ,@BAL,0.0,0.0,0.0,0.0,0.0,0.0,0.0,,,,,,,,,,12,Nick Folk,K,NYJ
Jude McAtamneyK - NYG,@DET,0.0,0.0,0.0,0.0,0.0,0.0,0.0,,,,,,,,,,12,Jude McAtamney,K,NYG
Harrison MevisK - NYJ,@BAL,0.0,0.0,0.0,0.0,0.0,0.0,0.0,,,,,,,,,,12,Harrison Mevis,K,NYJ
Ben SaulsK - PIT,@CHI,0.0,0.0,0.0,0.0,0.0,0.0,0.0,,,,,,,,,,12,Ben Sauls,K,PIT
Charlie SmythK - NO,ATL,0.0,0.0,0.0,0.0,0.0,0.0,0.0,,,,,,,,,,12,Charlie Smyth,K,NO
Anders CarlsonK,Bye,0.0,0.0,0.0,0.0,0.0,0.0,0.0,,,,,,,,,,12,Anders Carlson,K,
Ryan CoeK,Bye,0.0,0.0,0.0,0.0,0.0,0.0,0.0,,,,,,,,,,12,Ryan Coe,K,
Cameron DickerK - LAC,Bye,0.0,0.0,0.0,0.0,0.0,0.0,0.0,,,,,,,,,,12,Cameron Dicker,K,LAC
Matt GayK - WAS,Bye,0.0,0.0,0.0,0.0,0.0,0.0,0.0,,,,,,,,,,12,Matt Gay,K,WAS
Zane GonzalezK,Bye,0.0,0.0,0.0,0.0,0.0,0.0,0.0,,,,,,,,,,12,Zane Gonzalez,K,
Alex HaleK,Bye,0.0,0.0,0.0,0.0,0.0,0.0,0.0,,,,,,,,,,12,Alex Hale,K,
John HoylandK,Bye,0.0,0.0,0.0,0.0,0.0,0.0,0.0,,,,,,,,,,12,John Hoyland,K,
Greg JosephK,Bye,0.0,0.0,0.0,0.0,0.0,0.0,0.0,,,,,,,,,,12,Greg Joseph,K,
Jonathan KimK,Bye,0.0,0.0,0.0,0.0,0.0,0.0,0.0,,,,,,,,,,12,Jonathan Kim,K,
Lenny KriegK - ATL,@NO,0.0,0.0,0.0,0.0,0.0,0.0,0.0,,,,,,,,,,12,Lenny Krieg,K,ATL
Wil LutzK - DEN,Bye,0.0,0.0,0.0,0.0,0.0,0.0,0.0,,,,,,,,,,12,Wil Lutz,K,DEN
Mark McNameeK - GB,MIN,0.0,0.0,0.0,0.0,0.0,0.0,0.0,,,,,,,,,,12,Mark McNamee,K,GB
Riley PattersonK,Bye,0.0,0.0,0.0,0.0,0.0,0.0,0.0,,,,,,,,,,12,Riley Patterson,K,
Eddy PineiroK,Bye,0.0,0.0,0.0,0.0,0.0,0.0,0.0,,,,,,,,,,12,Eddy Pineiro,K,
Brandon AubreyK - DAL,KC,2.14,0.0,0.39,0.45,0.51,0.51,8.74,,,,,,,,,,13,Brandon Aubrey,K,DAL
Cameron DickerK - LAC,LV,2.19,0.06,0.34,0.51,0.51,0.34,8.15,,,,,,,,,,13,Cameron Dicker,K,LAC
Jake BatesK - DET,GB,2.64,0.0,0.28,0.45,0.45,0.34,7.88,,,,,,,,,,13,Jake Bates,K,DET
Harrison ButkerK - KC,@DAL,2.42,0.06,0.34,0.45,0.39,0.34,7.84,,,,,,,,,,13,Harrison Butker,K,KC
Ka'imi FairbairnK - HOU,@IND,2.08,0.0,0.39,0.51,0.45,0.34,7.83,,,,,,,,,,13,Ka'imi Fairbairn,K,HOU
Chase McLaughlinK - TB,ARI,2.36,0.0,0.34,0.45,0.45,0.34,7.78,,,,,,,,,,13,Chase McLaughlin,K,TB
Chris BoswellK - PIT,BUF,1.91,0.0,0.39,0.51,0.45,0.34,7.66,,,,,,,,,,13,Chris Boswell,K,PIT
Tyler LoopK - BALView News,CIN,2.53,0.0,0.28,0.51,0.51,0.23,7.58,,,,,,,,,,13,Tyler Loop,K,BAL
Tyler BassK - BUFQ,@PIT,2.7,0.0,0.34,0.45,0.45,0.23,7.57,,,,,,,,,,13,Tyler Bass,K,BUFQ
Matt GayK - WAS,DEN,2.48,0.0,0.39,0.45,0.39,0.28,7.57,,,,,,,,,,13,Matt Gay,K,WAS
Daniel CarlsonK - LV,@LAC,1.91,0.0,0.39,0.39,0.45,0.39,7.55,,,,,,,,,,13,Daniel Carlson,K,LV
Evan McPhersonK - CIN,@BAL,2.42,0.0,0.34,0.45,0.45,0.28,7.54,,,,,,,,,,13,Evan McPherson,K,CIN
Will ReichardK - MIN,@SEA,2.08,0.0,0.34,0.45,0.45,0.34,7.5,,,,,,,,,,13,Will Reichard,K,MIN
Wil LutzK - DEN,@WAS,2.03,0.0,0.39,0.45,0.39,0.34,7.42,,,,,,,,,,13,Wil Lutz,K,DEN
Jake ElliottK - PHI,CHI,2.36,0.0,0.39,0.45,0.45,0.23,7.38,,,,,,,,,,13,Jake Elliott,K,PHI
Brandon McManusK - GB,@DET,2.03,0.0,0.39,0.45,0.45,0.28,7.3,,,,,,,,,,13,Brandon McManus,K,GB
Younghoe KooK - ATL,@NYJ,1.86,0.0,0.34,0.45,0.45,0.34,7.28,,,,,,,,,,13,Younghoe Koo,K,ATL
Joshua KartyK - LAR,@CAR,1.91,0.0,0.39,0.45,0.45,0.28,7.18,,,,,,,,,,13,Joshua Karty,K,LAR
Cam LittleK - JAX,@TEN,2.08,0.0,0.39,0.45,0.39,0.28,7.17,,,,,,,,,,13,Cam Little,K,JAX
Jake MoodyK - SFView News,@CLE,2.36,0.0,0.23,0.51,0.45,0.23,7.08,,,,,,,,,,13,Jake Moody,K,SF
Jason SandersK - MIA,NO,2.03,0.0,0.39,0.45,0.45,0.23,7.05,,,,,,,,,,13,Jason Sanders,K,MIA
Chad RylandK - ARI,@TB,1.91,0.0,0.34,0.45,0.45,0.28,7.03,,,,,,,,,,13,Chad Ryland,K,ARI
Cairo SantosK - CHI,@PHI,1.74,0.0,0.39,0.45,0.51,0.23,6.94,,,,,,,,,,13,Cairo Santos,K,CHI
Jason MyersK - SEA,MIN,1.86,0.0,0.39,0.45,0.45,0.23,6.88,,,,,,,,,,13,Jason Myers,K,SEA
Blake GrupeK - NO,@MIA,1.74,0.0,0.34,0.45,0.39,0.28,6.68,,,,,,,,,,13,Blake Grupe,K,NO
Blake GrupeK - NO,@MIA,1.74,0.0,0.34,0.45,0.39,0.28,6.68,,,,,,,,,,13,Blake Grupe,K,NO
Spencer ShraderK - INDView News,HOU,1.86,0.0,0.28,0.51,0.51,0.17,6.61,,,,,,,,,,13,Spencer Shrader,K,IND
Matthew WrightK - CAR,LAR,1.8,0.0,0.34,0.51,0.45,0.17,6.55,,,,,,,,,,13,Matthew Wright,K,CAR
Andy BorregalesK - NE,NYG,1.97,0.0,0.34,0.45,0.45,0.17,6.54,,,,,,,,,,13,Andy Borregales,K,NE
Joey SlyeK - TEN,JAX,1.63,0.0,0.34,0.39,0.39,0.28,6.39,,,,,,,,,,13,Joey Slye,K,TEN
Graham GanoK - NYG,@NE,1.63,0.0,0.34,0.45,0.39,0.23,6.32,,,,,,,,,,13,Graham Gano,K,NYG
Dustin HopkinsK - CLEView News,SF,1.52,0.0,0.34,0.45,0.39,0.23,6.21,,,,,,,,,,13,Dustin Hopkins,K,CLE
John Parker RomoK - NE,NYG,0.47,0.0,0.07,0.13,0.07,0.07,1.63,,,,,,,,,,13,John Parker Romo,K,NE
Ryan FitzgeraldK - CAR,LAR,0.2,0.0,0.05,0.05,0.05,0.05,0.9,,,,,,,,,,13,Ryan Fitzgerald,K,CAR
Caden DavisK - BUF,@PIT,0.0,0.0,0.0,0.0,0.0,0.0,0.0,,,,,,,,,,13,Caden Davis,K,BUF
Nick FolkK - NYJ,ATL,0.0,0.0,0.0,0.0,0.0,0.0,0.0,,,,,,,,,,13,Nick Folk,K,NYJ
Jude McAtamneyK - NYG,@NE,0.0,0.0,0.0,0.0,0.0,0.0,0.0,,,,,,,,,,13,Jude McAtamney,K,NYG
Harrison MevisK - NYJ,ATL,0.0,0.0,0.0,0.0,0.0,0.0,0.0,,,,,,,,,,13,Harrison Mevis,K,NYJ
Ben SaulsK - PIT,BUF,0.0,0.0,0.0,0.0,0.0,0.0,0.0,,,,,,,,,,13,Ben Sauls,K,PIT
Charlie SmythK - NO,@MIA,0.0,0.0,0.0,0.0,0.0,0.0,0.0,,,,,,,,,,13,Charlie Smyth,K,NO
Anders CarlsonK,Bye,0.0,0.0,0.0,0.0,0.0,0.0,0.0,,,,,,,,,,13,Anders Carlson,K,
Ryan CoeK,Bye,0.0,0.0,0.0,0.0,0.0,0.0,0.0,,,,,,,,,,13,Ryan Coe,K,
Zane GonzalezK,Bye,0.0,0.0,0.0,0.0,0.0,0.0,0.0,,,,,,,,,,13,Zane Gonzalez,K,
Alex HaleK,Bye,0.0,0.0,0.0,0.0,0.0,0.0,0.0,,,,,,,,,,13,Alex Hale,K,
John HoylandK,Bye,0.0,0.0,0.0,0.0,0.0,0.0,0.0,,,,,,,,,,13,John Hoyland,K,
Greg JosephK,Bye,0.0,0.0,0.0,0.0,0.0,0.0,0.0,,,,,,,,,,13,Greg Joseph,K,
Jonathan KimK,Bye,0.0,0.0,0.0,0.0,0.0,0.0,0.0,,,,,,,,,,13,Jonathan Kim,K,
Lenny KriegK - ATL,@NYJ,0.0,0.0,0.0,0.0,0.0,0.0,0.0,,,,,,,,,,13,Lenny Krieg,K,ATL
Mark McNameeK - GB,@DET,0.0,0.0,0.0,0.0,0.0,0.0,0.0,,,,,,,,,,13,Mark McNamee,K,GB
Riley PattersonK,Bye,0.0,0.0,0.0,0.0,0.0,0.0,0.0,,,,,,,,,,13,Riley Patterson,K,
Brandon AubreyK - DAL,@DET,2.14,0.0,0.39,0.45,0.51,0.51,8.74,,,,,,,,,,14,Brandon Aubrey,K,DAL
Cameron DickerK - LAC,PHI,2.19,0.06,0.34,0.51,0.51,0.34,8.15,,,,,,,,,,14,Cameron Dicker,K,LAC
Jake BatesK - DET,DAL,2.64,0.0,0.28,0.45,0.45,0.34,7.88,,,,,,,,,,14,Jake Bates,K,DET
Harrison ButkerK - KC,HOU,2.42,0.06,0.34,0.45,0.39,0.34,7.84,,,,,,,,,,14,Harrison Butker,K,KC
Ka'imi FairbairnK - HOU,@KC,2.08,0.0,0.39,0.51,0.45,0.34,7.83,,,,,,,,,,14,Ka'imi Fairbairn,K,HOU
Chase McLaughlinK - TB,NO,2.36,0.0,0.34,0.45,0.45,0.34,7.78,,,,,,,,,,14,Chase McLaughlin,K,TB
Chris BoswellK - PIT,@BAL,1.91,0.0,0.39,0.51,0.45,0.34,7.66,,,,,,,,,,14,Chris Boswell,K,PIT
Tyler LoopK - BALView News,PIT,2.53,0.0,0.28,0.51,0.51,0.23,7.58,,,,,,,,,,14,Tyler Loop,K,BAL
Tyler BassK - BUFQ,CIN,2.7,0.0,0.34,0.45,0.45,0.23,7.57,,,,,,,,,,14,Tyler Bass,K,BUFQ
Matt GayK - WAS,@MIN,2.48,0.0,0.39,0.45,0.39,0.28,7.57,,,,,,,,,,14,Matt Gay,K,WAS
Daniel CarlsonK - LV,DEN,1.91,0.0,0.39,0.39,0.45,0.39,7.55,,,,,,,,,,14,Daniel Carlson,K,LV
Evan McPhersonK - CIN,@BUF,2.42,0.0,0.34,0.45,0.45,0.28,7.54,,,,,,,,,,14,Evan McPherson,K,CIN
Will ReichardK - MIN,WAS,2.08,0.0,0.34,0.45,0.45,0.34,7.5,,,,,,,,,,14,Will Reichard,K,MIN
Wil LutzK - DEN,@LV,2.03,0.0,0.39,0.45,0.39,0.34,7.42,,,,,,,,,,14,Wil Lutz,K,DEN
Jake ElliottK - PHI,@LAC,2.36,0.0,0.39,0.45,0.45,0.23,7.38,,,,,,,,,,14,Jake Elliott,K,PHI
Brandon McManusK - GB,CHI,2.03,0.0,0.39,0.45,0.45,0.28,7.3,,,,,,,,,,14,Brandon McManus,K,GB
Younghoe KooK - ATL,SEA,1.86,0.0,0.34,0.45,0.45,0.34,7.28,,,,,,,,,,14,Younghoe Koo,K,ATL
Joshua KartyK - LAR,@ARI,1.91,0.0,0.39,0.45,0.45,0.28,7.18,,,,,,,,,,14,Joshua Karty,K,LAR
Cam LittleK - JAX,IND,2.08,0.0,0.39,0.45,0.39,0.28,7.17,,,,,,,,,,14,Cam Little,K,JAX
Jason SandersK - MIA,@NYJ,2.03,0.0,0.39,0.45,0.45,0.23,7.05,,,,,,,,,,14,Jason Sanders,K,MIA
Chad RylandK - ARI,LAR,1.91,0.0,0.34,0.45,0.45,0.28,7.03,,,,,,,,,,14,Chad Ryland,K,ARI
Cairo SantosK - CHI,@GB,1.74,0.0,0.39,0.45,0.51,0.23,6.94,,,,,,,,,,14,Cairo Santos,K,CHI
Jason MyersK - SEA,@ATL,1.86,0.0,0.39,0.45,0.45,0.23,6.88,,,,,,,,,,14,Jason Myers,K,SEA
Blake GrupeK - NO,@TB,1.74,0.0,0.34,0.45,0.39,0.28,6.68,,,,,,,,,,14,Blake Grupe,K,NO
Spencer ShraderK - INDView News,@JAX,1.86,0.0,0.28,0.51,0.51,0.17,6.61,,,,,,,,,,14,Spencer Shrader,K,IND
Spencer ShraderK - INDView News,@JAX,1.86,0.0,0.28,0.51,0.51,0.17,6.61,,,,,,,,,,14,Spencer Shrader,K,IND
Joey SlyeK - TEN,@CLE,1.63,0.0,0.34,0.39,0.39,0.28,6.39,,,,,,,,,,14,Joey Slye,K,TEN
Dustin HopkinsK - CLEView News,TEN,1.52,0.0,0.34,0.45,0.39,0.23,6.21,,,,,,,,,,14,Dustin Hopkins,K,CLE
Caden DavisK - BUF,CIN,0.0,0.0,0.0,0.0,0.0,0.0,0.0,,,,,,,,,,14,Caden Davis,K,BUF
Nick FolkK - NYJ,MIA,0.0,0.0,0.0,0.0,0.0,0.0,0.0,,,,,,,,,,14,Nick Folk,K,NYJ
Harrison MevisK - NYJ,MIA,0.0,0.0,0.0,0.0,0.0,0.0,0.0,,,,,,,,,,14,Harrison Mevis,K,NYJ
Ben SaulsK - PIT,@BAL,0.0,0.0,0.0,0.0,0.0,0.0,0.0,,,,,,,,,,14,Ben Sauls,K,PIT
Charlie SmythK - NO,@TB,0.0,0.0,0.0,0.0,0.0,0.0,0.0,,,,,,,,,,14,Charlie Smyth,K,NO
Andy BorregalesK - NE,Bye,0.0,0.0,0.0,0.0,0.0,0.0,0.0,,,,,,,,,,14,Andy Borregales,K,NE
Anders CarlsonK,Bye,0.0,0.0,0.0,0.0,0.0,0.0,0.0,,,,,,,,,,14,Anders Carlson,K,
Ryan CoeK,Bye,0.0,0.0,0.0,0.0,0.0,0.0,0.0,,,,,,,,,,14,Ryan Coe,K,
Ryan FitzgeraldK - CAR,Bye,0.0,0.0,0.0,0.0,0.0,0.0,0.0,,,,,,,,,,14,Ryan Fitzgerald,K,CAR
Graham GanoK - NYG,Bye,0.0,0.0,0.0,0.0,0.0,0.0,0.0,,,,,,,,,,14,Graham Gano,K,NYG
Zane GonzalezK,Bye,0.0,0.0,0.0,0.0,0.0,0.0,0.0,,,,,,,,,,14,Zane Gonzalez,K,
Alex HaleK,Bye,0.0,0.0,0.0,0.0,0.0,0.0,0.0,,,,,,,,,,14,Alex Hale,K,
John HoylandK,Bye,0.0,0.0,0.0,0.0,0.0,0.0,0.0,,,,,,,,,,14,John Hoyland,K,
Greg JosephK,Bye,0.0,0.0,0.0,0.0,0.0,0.0,0.0,,,,,,,,,,14,Greg Joseph,K,
Jonathan KimK,Bye,0.0,0.0,0.0,0.0,0.0,0.0,0.0,,,,,,,,,,14,Jonathan Kim,K,
Lenny KriegK - ATL,SEA,0.0,0.0,0.0,0.0,0.0,0.0,0.0,,,,,,,,,,14,Lenny Krieg,K,ATL
Jude McAtamneyK - NYG,Bye,0.0,0.0,0.0,0.0,0.0,0.0,0.0,,,,,,,,,,14,Jude McAtamney,K,NYG
Mark McNameeK - GB,CHI,0.0,0.0,0.0,0.0,0.0,0.0,0.0,,,,,,,,,,14,Mark McNamee,K,GB
Jake MoodyK - SFView News,Bye,0.0,0.0,0.0,0.0,0.0,0.0,0.0,,,,,,,,,,14,Jake Moody,K,SF
Riley PattersonK,Bye,0.0,0.0,0.0,0.0,0.0,0.0,0.0,,,,,,,,,,14,Riley Patterson,K,
Eddy PineiroK,Bye,0.0,0.0,0.0,0.0,0.0,0.0,0.0,,,,,,,,,,14,Eddy Pineiro,K,
Matt PraterKQ,Bye,0.0,0.0,0.0,0.0,0.0,0.0,0.0,,,,,,,,,,14,Matt Prater,,KQ
Brandon AubreyK - DAL,MIN,2.14,0.0,0.39,0.45,0.51,0.51,8.74,,,,,,,,,,15,Brandon Aubrey,K,DAL
Cameron DickerK - LAC,@KC,2.19,0.06,0.34,0.51,0.51,0.34,8.15,,,,,,,,,,15,Cameron Dicker,K,LAC
Jake BatesK - DET,@LAR,2.64,0.0,0.28,0.45,0.45,0.34,7.88,,,,,,,,,,15,Jake Bates,K,DET
Harrison ButkerK - KC,LAC,2.42,0.06,0.34,0.45,0.39,0.34,7.84,,,,,,,,,,15,Harrison Butker,K,KC
Ka'imi FairbairnK - HOU,ARI,2.08,0.0,0.39,0.51,0.45,0.34,7.83,,,,,,,,,,15,Ka'imi Fairbairn,K,HOU
Chase McLaughlinK - TB,ATL,2.36,0.0,0.34,0.45,0.45,0.34,7.78,,,,,,,,,,15,Chase McLaughlin,K,TB
Chris BoswellK - PIT,MIA,1.91,0.0,0.39,0.51,0.45,0.34,7.66,,,,,,,,,,15,Chris Boswell,K,PIT
Tyler LoopK - BALView News,@CIN,2.53,0.0,0.28,0.51,0.51,0.23,7.58,,,,,,,,,,15,Tyler Loop,K,BAL
Tyler BassK - BUFQ,@NE,2.7,0.0,0.34,0.45,0.45,0.23,7.57,,,,,,,,,,15,Tyler Bass,K,BUFQ
Matt GayK - WAS,@NYG,2.48,0.0,0.39,0.45,0.39,0.28,7.57,,,,,,,,,,15,Matt Gay,K,WAS
Daniel CarlsonK - LV,@PHI,1.91,0.0,0.39,0.39,0.45,0.39,7.55,,,,,,,,,,15,Daniel Carlson,K,LV
Evan McPhersonK - CIN,BAL,2.42,0.0,0.34,0.45,0.45,0.28,7.54,,,,,,,,,,15,Evan McPherson,K,CIN
Will ReichardK - MIN,@DAL,2.08,0.0,0.34,0.45,0.45,0.34,7.5,,,,,,,,,,15,Will Reichard,K,MIN
Wil LutzK - DEN,GB,2.03,0.0,0.39,0.45,0.39,0.34,7.42,,,,,,,,,,15,Wil Lutz,K,DEN
Jake ElliottK - PHI,LV,2.36,0.0,0.39,0.45,0.45,0.23,7.38,,,,,,,,,,15,Jake Elliott,K,PHI
Brandon McManusK - GB,@DEN,2.03,0.0,0.39,0.45,0.45,0.28,7.3,,,,,,,,,,15,Brandon McManus,K,GB
Younghoe KooK - ATL,@TB,1.86,0.0,0.34,0.45,0.45,0.34,7.28,,,,,,,,,,15,Younghoe Koo,K,ATL
Joshua KartyK - LAR,DET,1.91,0.0,0.39,0.45,0.45,0.28,7.18,,,,,,,,,,15,Joshua Karty,K,LAR
Cam LittleK - JAX,NYJ,2.08,0.0,0.39,0.45,0.39,0.28,7.17,,,,,,,,,,15,Cam Little,K,JAX
Jake MoodyK - SFView News,TEN,2.36,0.0,0.23,0.51,0.45,0.23,7.08,,,,,,,,,,15,Jake Moody,K,SF
Jason SandersK - MIA,@PIT,2.03,0.0,0.39,0.45,0.45,0.23,7.05,,,,,,,,,,15,Jason Sanders,K,MIA
Chad RylandK - ARI,@HOU,1.91,0.0,0.34,0.45,0.45,0.28,7.03,,,,,,,,,,15,Chad Ryland,K,ARI
Cairo SantosK - CHI,CLE,1.74,0.0,0.39,0.45,0.51,0.23,6.94,,,,,,,,,,15,Cairo Santos,K,CHI
Jason MyersK - SEA,IND,1.86,0.0,0.39,0.45,0.45,0.23,6.88,,,,,,,,,,15,Jason Myers,K,SEA
Blake GrupeK - NO,CAR,1.74,0.0,0.34,0.45,0.39,0.28,6.68,,,,,,,,,,15,Blake Grupe,K,NO
Blake GrupeK - NO,CAR,1.74,0.0,0.34,0.45,0.39,0.28,6.68,,,,,,,,,,15,Blake Grupe,K,NO
Spencer ShraderK - INDView News,@SEA,1.86,0.0,0.28,0.51,0.51,0.17,6.61,,,,,,,,,,15,Spencer Shrader,K,IND
Matthew WrightK - CAR,@NO,1.8,0.0,0.34,0.51,0.45,0.17,6.55,,,,,,,,,,15,Matthew Wright,K,CAR
Andy BorregalesK - NE,BUF,1.97,0.0,0.34,0.45,0.45,0.17,6.54,,,,,,,,,,15,Andy Borregales,K,NE
Joey SlyeK - TEN,@SF,1.63,0.0,0.34,0.39,0.39,0.28,6.39,,,,,,,,,,15,Joey Slye,K,TEN
Graham GanoK - NYG,WAS,1.63,0.0,0.34,0.45,0.39,0.23,6.32,,,,,,,,,,15,Graham Gano,K,NYG
Dustin HopkinsK - CLEView News,@CHI,1.52,0.0,0.34,0.45,0.39,0.23,6.21,,,,,,,,,,15,Dustin Hopkins,K,CLE
John Parker RomoK - NE,BUF,0.47,0.0,0.07,0.13,0.07,0.07,1.63,,,,,,,,,,15,John Parker Romo,K,NE
Ryan FitzgeraldK - CAR,@NO,0.2,0.0,0.05,0.05,0.05,0.05,0.9,,,,,,,,,,15,Ryan Fitzgerald,K,CAR
Caden DavisK - BUF,@NE,0.0,0.0,0.0,0.0,0.0,0.0,0.0,,,,,,,,,,15,Caden Davis,K,BUF
Nick FolkK - NYJ,@JAX,0.0,0.0,0.0,0.0,0.0,0.0,0.0,,,,,,,,,,15,Nick Folk,K,NYJ
Jude McAtamneyK - NYG,WAS,0.0,0.0,0.0,0.0,0.0,0.0,0.0,,,,,,,,,,15,Jude McAtamney,K,NYG
Harrison MevisK - NYJ,@JAX,0.0,0.0,0.0,0.0,0.0,0.0,0.0,,,,,,,,,,15,Harrison Mevis,K,NYJ
Ben SaulsK - PIT,MIA,0.0,0.0,0.0,0.0,0.0,0.0,0.0,,,,,,,,,,15,Ben Sauls,K,PIT
Charlie SmythK - NO,CAR,0.0,0.0,0.0,0.0,0.0,0.0,0.0,,,,,,,,,,15,Charlie Smyth,K,NO
Anders CarlsonK,Bye,0.0,0.0,0.0,0.0,0.0,0.0,0.0,,,,,,,,,,15,Anders Carlson,K,
Ryan CoeK,Bye,0.0,0.0,0.0,0.0,0.0,0.0,0.0,,,,,,,,,,15,Ryan Coe,K,
Zane GonzalezK,Bye,0.0,0.0,0.0,0.0,0.0,0.0,0.0,,,,,,,,,,15,Zane Gonzalez,K,
Alex HaleK,Bye,0.0,0.0,0.0,0.0,0.0,0.0,0.0,,,,,,,,,,15,Alex Hale,K,
John HoylandK,Bye,0.0,0.0,0.0,0.0,0.0,0.0,0.0,,,,,,,,,,15,John Hoyland,K,
Greg JosephK,Bye,0.0,0.0,0.0,0.0,0.0,0.0,0.0,,,,,,,,,,15,Greg Joseph,K,
Jonathan KimK,Bye,0.0,0.0,0.0,0.0,0.0,0.0,0.0,,,,,,,,,,15,Jonathan Kim,K,
Lenny KriegK - ATL,@TB,0.0,0.0,0.0,0.0,0.0,0.0,0.0,,,,,,,,,,15,Lenny Krieg,K,ATL
Mark McNameeK - GB,@DEN,0.0,0.0,0.0,0.0,0.0,0.0,0.0,,,,,,,,,,15,Mark McNamee,K,GB
Riley PattersonK,Bye,0.0,0.0,0.0,0.0,0.0,0.0,0.0,,,,,,,,,,15,Riley Patterson,K,
Brandon AubreyK - DAL,LAC,2.14,0.0,0.39,0.45,0.51,0.51,8.74,,,,,,,,,,16,Brandon Aubrey,K,DAL
Cameron DickerK - LAC,@DAL,2.19,0.06,0.34,0.51,0.51,0.34,8.15,,,,,,,,,,16,Cameron Dicker,K,LAC
Jake BatesK - DET,PIT,2.64,0.0,0.28,0.45,0.45,0.34,7.88,,,,,,,,,,16,Jake Bates,K,DET
Harrison ButkerK - KC,@TEN,2.42,0.06,0.34,0.45,0.39,0.34,7.84,,,,,,,,,,16,Harrison Butker,K,KC
Ka'imi FairbairnK - HOU,LV,2.08,0.0,0.39,0.51,0.45,0.34,7.83,,,,,,,,,,16,Ka'imi Fairbairn,K,HOU
Chase McLaughlinK - TB,@CAR,2.36,0.0,0.34,0.45,0.45,0.34,7.78,,,,,,,,,,16,Chase McLaughlin,K,TB
Chris BoswellK - PIT,@DET,1.91,0.0,0.39,0.51,0.45,0.34,7.66,,,,,,,,,,16,Chris Boswell,K,PIT
Tyler LoopK - BALView News,NE,2.53,0.0,0.28,0.51,0.51,0.23,7.58,,,,,,,,,,16,Tyler Loop,K,BAL
Tyler BassK - BUFQ,@CLE,2.7,0.0,0.34,0.45,0.45,0.23,7.57,,,,,,,,,,16,Tyler Bass,K,BUFQ
Matt GayK - WAS,PHI,2.48,0.0,0.39,0.45,0.39,0.28,7.57,,,,,,,,,,16,Matt Gay,K,WAS
Daniel CarlsonK - LV,@HOU,1.91,0.0,0.39,0.39,0.45,0.39,7.55,,,,,,,,,,16,Daniel Carlson,K,LV
Evan McPhersonK - CIN,@MIA,2.42,0.0,0.34,0.45,0.45,0.28,7.54,,,,,,,,,,16,Evan McPherson,K,CIN
Will ReichardK - MIN,@NYG,2.08,0.0,0.34,0.45,0.45,0.34,7.5,,,,,,,,,,16,Will Reichard,K,MIN
Wil LutzK - DEN,JAX,2.03,0.0,0.39,0.45,0.39,0.34,7.42,,,,,,,,,,16,Wil Lutz,K,DEN
Jake ElliottK - PHI,@WAS,2.36,0.0,0.39,0.45,0.45,0.23,7.38,,,,,,,,,,16,Jake Elliott,K,PHI
Brandon McManusK - GB,@CHI,2.03,0.0,0.39,0.45,0.45,0.28,7.3,,,,,,,,,,16,Brandon McManus,K,GB
Younghoe KooK - ATL,@ARI,1.86,0.0,0.34,0.45,0.45,0.34,7.28,,,,,,,,,,16,Younghoe Koo,K,ATL
Joshua KartyK - LAR,@SEA,1.91,0.0,0.39,0.45,0.45,0.28,7.18,,,,,,,,,,16,Joshua Karty,K,LAR
Cam LittleK - JAX,@DEN,2.08,0.0,0.39,0.45,0.39,0.28,7.17,,,,,,,,,,16,Cam Little,K,JAX
Jake MoodyK - SFView News,@IND,2.36,0.0,0.23,0.51,0.45,0.23,7.08,,,,,,,,,,16,Jake Moody,K,SF
Jason SandersK - MIA,CIN,2.03,0.0,0.39,0.45,0.45,0.23,7.05,,,,,,,,,,16,Jason Sanders,K,MIA
Chad RylandK - ARI,ATL,1.91,0.0,0.34,0.45,0.45,0.28,7.03,,,,,,,,,,16,Chad Ryland,K,ARI
Cairo SantosK - CHI,GB,1.74,0.0,0.39,0.45,0.51,0.23,6.94,,,,,,,,,,16,Cairo Santos,K,CHI
Jason MyersK - SEA,LAR,1.86,0.0,0.39,0.45,0.45,0.23,6.88,,,,,,,,,,16,Jason Myers,K,SEA
Blake GrupeK - NO,NYJ,1.74,0.0,0.34,0.45,0.39,0.28,6.68,,,,,,,,,,16,Blake Grupe,K,NO
Blake GrupeK - NO,NYJ,1.74,0.0,0.34,0.45,0.39,0.28,6.68,,,,,,,,,,16,Blake Grupe,K,NO
Spencer ShraderK - INDView News,SF,1.86,0.0,0.28,0.51,0.51,0.17,6.61,,,,,,,,,,16,Spencer Shrader,K,IND
Matthew WrightK - CAR,TB,1.8,0.0,0.34,0.51,0.45,0.17,6.55,,,,,,,,,,16,Matthew Wright,K,CAR
Andy BorregalesK - NE,@BAL,1.97,0.0,0.34,0.45,0.45,0.17,6.54,,,,,,,,,,16,Andy Borregales,K,NE
Joey SlyeK - TEN,KC,1.63,0.0,0.34,0.39,0.39,0.28,6.39,,,,,,,,,,16,Joey Slye,K,TEN
Graham GanoK - NYG,MIN,1.63,0.0,0.34,0.45,0.39,0.23,6.32,,,,,,,,,,16,Graham Gano,K,NYG
Dustin HopkinsK - CLEView News,BUF,1.52,0.0,0.34,0.45,0.39,0.23,6.21,,,,,,,,,,16,Dustin Hopkins,K,CLE
John Parker RomoK - NE,@BAL,0.47,0.0,0.07,0.13,0.07,0.07,1.63,,,,,,,,,,16,John Parker Romo,K,NE
Ryan FitzgeraldK - CAR,TB,0.2,0.0,0.05,0.05,0.05,0.05,0.9,,,,,,,,,,16,Ryan Fitzgerald,K,CAR
Caden DavisK - BUF,@CLE,0.0,0.0,0.0,0.0,0.0,0.0,0.0,,,,,,,,,,16,Caden Davis,K,BUF
Nick FolkK - NYJ,@NO,0.0,0.0,0.0,0.0,0.0,0.0,0.0,,,,,,,,,,16,Nick Folk,K,NYJ
Jude McAtamneyK - NYG,MIN,0.0,0.0,0.0,0.0,0.0,0.0,0.0,,,,,,,,,,16,Jude McAtamney,K,NYG
Harrison MevisK - NYJ,@NO,0.0,0.0,0.0,0.0,0.0,0.0,0.0,,,,,,,,,,16,Harrison Mevis,K,NYJ
Ben SaulsK - PIT,@DET,0.0,0.0,0.0,0.0,0.0,0.0,0.0,,,,,,,,,,16,Ben Sauls,K,PIT
Charlie SmythK - NO,NYJ,0.0,0.0,0.0,0.0,0.0,0.0,0.0,,,,,,,,,,16,Charlie Smyth,K,NO
Anders CarlsonK,Bye,0.0,0.0,0.0,0.0,0.0,0.0,0.0,,,,,,,,,,16,Anders Carlson,K,
Ryan CoeK,Bye,0.0,0.0,0.0,0.0,0.0,0.0,0.0,,,,,,,,,,16,Ryan Coe,K,
Zane GonzalezK,Bye,0.0,0.0,0.0,0.0,0.0,0.0,0.0,,,,,,,,,,16,Zane Gonzalez,K,
Alex HaleK,Bye,0.0,0.0,0.0,0.0,0.0,0.0,0.0,,,,,,,,,,16,Alex Hale,K,
John HoylandK,Bye,0.0,0.0,0.0,0.0,0.0,0.0,0.0,,,,,,,,,,16,John Hoyland,K,
Greg JosephK,Bye,0.0,0.0,0.0,0.0,0.0,0.0,0.0,,,,,,,,,,16,Greg Joseph,K,
Jonathan KimK,Bye,0.0,0.0,0.0,0.0,0.0,0.0,0.0,,,,,,,,,,16,Jonathan Kim,K,
Lenny KriegK - ATL,@ARI,0.0,0.0,0.0,0.0,0.0,0.0,0.0,,,,,,,,,,16,Lenny Krieg,K,ATL
Mark McNameeK - GB,@CHI,0.0,0.0,0.0,0.0,0.0,0.0,0.0,,,,,,,,,,16,Mark McNamee,K,GB
Riley PattersonK,Bye,0.0,0.0,0.0,0.0,0.0,0.0,0.0,,,,,,,,,,16,Riley Patterson,K,
Brandon AubreyK - DAL,@WAS,2.14,0.0,0.39,0.45,0.51,0.51,8.74,,,,,,,,,,17,Brandon Aubrey,K,DAL
Cameron DickerK - LAC,HOU,2.19,0.06,0.34,0.51,0.51,0.34,8.15,,,,,,,,,,17,Cameron Dicker,K,LAC
Jake BatesK - DET,@MIN,2.64,0.0,0.28,0.45,0.45,0.34,7.88,,,,,,,,,,17,Jake Bates,K,DET
Harrison ButkerK - KC,DEN,2.42,0.06,0.34,0.45,0.39,0.34,7.84,,,,,,,,,,17,Harrison Butker,K,KC
Ka'imi FairbairnK - HOU,@LAC,2.08,0.0,0.39,0.51,0.45,0.34,7.83,,,,,,,,,,17,Ka'imi Fairbairn,K,HOU
Chase McLaughlinK - TB,@MIA,2.36,0.0,0.34,0.45,0.45,0.34,7.78,,,,,,,,,,17,Chase McLaughlin,K,TB
Chris BoswellK - PIT,@CLE,1.91,0.0,0.39,0.51,0.45,0.34,7.66,,,,,,,,,,17,Chris Boswell,K,PIT
Tyler LoopK - BALView News,@GB,2.53,0.0,0.28,0.51,0.51,0.23,7.58,,,,,,,,,,17,Tyler Loop,K,BAL
Tyler BassK - BUFQ,PHI,2.7,0.0,0.34,0.45,0.45,0.23,7.57,,,,,,,,,,17,Tyler Bass,K,BUFQ
Matt GayK - WAS,DAL,2.48,0.0,0.39,0.45,0.39,0.28,7.57,,,,,,,,,,17,Matt Gay,K,WAS
Daniel CarlsonK - LV,NYG,1.91,0.0,0.39,0.39,0.45,0.39,7.55,,,,,,,,,,17,Daniel Carlson,K,LV
Evan McPhersonK - CIN,ARI,2.42,0.0,0.34,0.45,0.45,0.28,7.54,,,,,,,,,,17,Evan McPherson,K,CIN
Will ReichardK - MIN,DET,2.08,0.0,0.34,0.45,0.45,0.34,7.5,,,,,,,,,,17,Will Reichard,K,MIN
Wil LutzK - DEN,@KC,2.03,0.0,0.39,0.45,0.39,0.34,7.42,,,,,,,,,,17,Wil Lutz,K,DEN
Jake ElliottK - PHI,@BUF,2.36,0.0,0.39,0.45,0.45,0.23,7.38,,,,,,,,,,17,Jake Elliott,K,PHI
Brandon McManusK - GB,BAL,2.03,0.0,0.39,0.45,0.45,0.28,7.3,,,,,,,,,,17,Brandon McManus,K,GB
Younghoe KooK - ATL,LAR,1.86,0.0,0.34,0.45,0.45,0.34,7.28,,,,,,,,,,17,Younghoe Koo,K,ATL
Joshua KartyK - LAR,@ATL,1.91,0.0,0.39,0.45,0.45,0.28,7.18,,,,,,,,,,17,Joshua Karty,K,LAR
Cam LittleK - JAX,@IND,2.08,0.0,0.39,0.45,0.39,0.28,7.17,,,,,,,,,,17,Cam Little,K,JAX
Jake MoodyK - SFView News,CHI,2.36,0.0,0.23,0.51,0.45,0.23,7.08,,,,,,,,,,17,Jake Moody,K,SF
Jason SandersK - MIA,TB,2.03,0.0,0.39,0.45,0.45,0.23,7.05,,,,,,,,,,17,Jason Sanders,K,MIA
Chad RylandK - ARI,@CIN,1.91,0.0,0.34,0.45,0.45,0.28,7.03,,,,,,,,,,17,Chad Ryland,K,ARI
Cairo SantosK - CHI,@SF,1.74,0.0,0.39,0.45,0.51,0.23,6.94,,,,,,,,,,17,Cairo Santos,K,CHI
Jason MyersK - SEA,@CAR,1.86,0.0,0.39,0.45,0.45,0.23,6.88,,,,,,,,,,17,Jason Myers,K,SEA
Blake GrupeK - NO,@TEN,1.74,0.0,0.34,0.45,0.39,0.28,6.68,,,,,,,,,,17,Blake Grupe,K,NO
Blake GrupeK - NO,@TEN,1.74,0.0,0.34,0.45,0.39,0.28,6.68,,,,,,,,,,17,Blake Grupe,K,NO
Spencer ShraderK - INDView News,JAX,1.86,0.0,0.28,0.51,0.51,0.17,6.61,,,,,,,,,,17,Spencer Shrader,K,IND
Matthew WrightK - CAR,SEA,1.8,0.0,0.34,0.51,0.45,0.17,6.55,,,,,,,,,,17,Matthew Wright,K,CAR
Andy BorregalesK - NE,@NYJ,1.97,0.0,0.34,0.45,0.45,0.17,6.54,,,,,,,,,,17,Andy Borregales,K,NE
Joey SlyeK - TEN,NO,1.63,0.0,0.34,0.39,0.39,0.28,6.39,,,,,,,,,,17,Joey Slye,K,TEN
Graham GanoK - NYG,@LV,1.63,0.0,0.34,0.45,0.39,0.23,6.32,,,,,,,,,,17,Graham Gano,K,NYG
Dustin HopkinsK - CLEView News,PIT,1.52,0.0,0.34,0.45,0.39,0.23,6.21,,,,,,,,,,17,Dustin Hopkins,K,CLE
John Parker RomoK - NE,@NYJ,0.47,0.0,0.07,0.13,0.07,0.07,1.63,,,,,,,,,,17,John Parker Romo,K,NE
Ryan FitzgeraldK - CAR,SEA,0.2,0.0,0.05,0.05,0.05,0.05,0.9,,,,,,,,,,17,Ryan Fitzgerald,K,CAR
Caden DavisK - BUF,PHI,0.0,0.0,0.0,0.0,0.0,0.0,0.0,,,,,,,,,,17,Caden Davis,K,BUF
Nick FolkK - NYJ,NE,0.0,0.0,0.0,0.0,0.0,0.0,0.0,,,,,,,,,,17,Nick Folk,K,NYJ
Jude McAtamneyK - NYG,@LV,0.0,0.0,0.0,0.0,0.0,0.0,0.0,,,,,,,,,,17,Jude McAtamney,K,NYG
Harrison MevisK - NYJ,NE,0.0,0.0,0.0,0.0,0.0,0.0,0.0,,,,,,,,,,17,Harrison Mevis,K,NYJ
Ben SaulsK - PIT,@CLE,0.0,0.0,0.0,0.0,0.0,0.0,0.0,,,,,,,,,,17,Ben Sauls,K,PIT
Charlie SmythK - NO,@TEN,0.0,0.0,0.0,0.0,0.0,0.0,0.0,,,,,,,,,,17,Charlie Smyth,K,NO
Anders CarlsonK,Bye,0.0,0.0,0.0,0.0,0.0,0.0,0.0,,,,,,,,,,17,Anders Carlson,K,
Ryan CoeK,Bye,0.0,0.0,0.0,0.0,0.0,0.0,0.0,,,,,,,,,,17,Ryan Coe,K,
Zane GonzalezK,Bye,0.0,0.0,0.0,0.0,0.0,0.0,0.0,,,,,,,,,,17,Zane Gonzalez,K,
Alex HaleK,Bye,0.0,0.0,0.0,0.0,0.0,0.0,0.0,,,,,,,,,,17,Alex Hale,K,
John HoylandK,Bye,0.0,0.0,0.0,0.0,0.0,0.0,0.0,,,,,,,,,,17,John Hoyland,K,
Greg JosephK,Bye,0.0,0.0,0.0,0.0,0.0,0.0,0.0,,,,,,,,,,17,Greg Joseph,K,
Jonathan KimK,Bye,0.0,0.0,0.0,0.0,0.0,0.0,0.0,,,,,,,,,,17,Jonathan Kim,K,
Lenny KriegK - ATL,LAR,0.0,0.0,0.0,0.0,0.0,0.0,0.0,,,,,,,,,,17,Lenny Krieg,K,ATL
Mark McNameeK - GB,BAL,0.0,0.0,0.0,0.0,0.0,0.0,0.0,,,,,,,,,,17,Mark McNamee,K,GB
Riley PattersonK,Bye,0.0,0.0,0.0,0.0,0.0,0.0,0.0,,,,,,,,,,17,Riley Patterson,K,
Brandon AubreyK - DAL,@NYG,2.14,0.0,0.39,0.45,0.51,0.51,8.74,,,,,,,,,,18,Brandon Aubrey,K,DAL
Cameron DickerK - LAC,@DEN,2.19,0.06,0.34,0.51,0.51,0.34,8.15,,,,,,,,,,18,Cameron Dicker,K,LAC
Jake BatesK - DET,@CHI,2.64,0.0,0.28,0.45,0.45,0.34,7.88,,,,,,,,,,18,Jake Bates,K,DET
Harrison ButkerK - KC,@LV,2.42,0.06,0.34,0.45,0.39,0.34,7.84,,,,,,,,,,18,Harrison Butker,K,KC
Ka'imi FairbairnK - HOU,IND,2.08,0.0,0.39,0.51,0.45,0.34,7.83,,,,,,,,,,18,Ka'imi Fairbairn,K,HOU
Chase McLaughlinK - TB,CAR,2.36,0.0,0.34,0.45,0.45,0.34,7.78,,,,,,,,,,18,Chase McLaughlin,K,TB
Chris BoswellK - PIT,BAL,1.91,0.0,0.39,0.51,0.45,0.34,7.66,,,,,,,,,,18,Chris Boswell,K,PIT
Tyler LoopK - BALView News,@PIT,2.53,0.0,0.28,0.51,0.51,0.23,7.58,,,,,,,,,,18,Tyler Loop,K,BAL
Tyler BassK - BUFQ,NYJ,2.7,0.0,0.34,0.45,0.45,0.23,7.57,,,,,,,,,,18,Tyler Bass,K,BUFQ
Matt GayK - WAS,@PHI,2.48,0.0,0.39,0.45,0.39,0.28,7.57,,,,,,,,,,18,Matt Gay,K,WAS
Daniel CarlsonK - LV,KC,1.91,0.0,0.39,0.39,0.45,0.39,7.55,,,,,,,,,,18,Daniel Carlson,K,LV
Evan McPhersonK - CIN,CLE,2.42,0.0,0.34,0.45,0.45,0.28,7.54,,,,,,,,,,18,Evan McPherson,K,CIN
Will ReichardK - MIN,GB,2.08,0.0,0.34,0.45,0.45,0.34,7.5,,,,,,,,,,18,Will Reichard,K,MIN
Wil LutzK - DEN,LAC,2.03,0.0,0.39,0.45,0.39,0.34,7.42,,,,,,,,,,18,Wil Lutz,K,DEN
Jake ElliottK - PHI,WAS,2.36,0.0,0.39,0.45,0.45,0.23,7.38,,,,,,,,,,18,Jake Elliott,K,PHI
Brandon McManusK - GB,@MIN,2.03,0.0,0.39,0.45,0.45,0.28,7.3,,,,,,,,,,18,Brandon McManus,K,GB
Younghoe KooK - ATL,NO,1.86,0.0,0.34,0.45,0.45,0.34,7.28,,,,,,,,,,18,Younghoe Koo,K,ATL
Joshua KartyK - LAR,ARI,1.91,0.0,0.39,0.45,0.45,0.28,7.18,,,,,,,,,,18,Joshua Karty,K,LAR
Cam LittleK - JAX,TEN,2.08,0.0,0.39,0.45,0.39,0.28,7.17,,,,,,,,,,18,Cam Little,K,JAX
Jake MoodyK - SFView News,SEA,2.36,0.0,0.23,0.51,0.45,0.23,7.08,,,,,,,,,,18,Jake Moody,K,SF
Jason SandersK - MIA,@NE,2.03,0.0,0.39,0.45,0.45,0.23,7.05,,,,,,,,,,18,Jason Sanders,K,MIA
Chad RylandK - ARI,@LAR,1.91,0.0,0.34,0.45,0.45,0.28,7.03,,,,,,,,,,18,Chad Ryland,K,ARI
Cairo SantosK - CHI,DET,1.74,0.0,0.39,0.45,0.51,0.23,6.94,,,,,,,,,,18,Cairo Santos,K,CHI
Jason MyersK - SEA,@SF,1.86,0.0,0.39,0.45,0.45,0.23,6.88,,,,,,,,,,18,Jason Myers,K,SEA
Blake GrupeK - NO,@ATL,1.74,0.0,0.34,0.45,0.39,0.28,6.68,,,,,,,,,,18,Blake Grupe,K,NO
Blake GrupeK - NO,@ATL,1.74,0.0,0.34,0.45,0.39,0.28,6.68,,,,,,,,,,18,Blake Grupe,K,NO
Spencer ShraderK - INDView News,@HOU,1.86,0.0,0.28,0.51,0.51,0.17,6.61,,,,,,,,,,18,Spencer Shrader,K,IND
Matthew WrightK - CAR,@TB,1.8,0.0,0.34,0.51,0.45,0.17,6.55,,,,,,,,,,18,Matthew Wright,K,CAR
Andy BorregalesK - NE,MIA,1.97,0.0,0.34,0.45,0.45,0.17,6.54,,,,,,,,,,18,Andy Borregales,K,NE
Joey SlyeK - TEN,@JAX,1.63,0.0,0.34,0.39,0.39,0.28,6.39,,,,,,,,,,18,Joey Slye,K,TEN
Graham GanoK - NYG,DAL,1.63,0.0,0.34,0.45,0.39,0.23,6.32,,,,,,,,,,18,Graham Gano,K,NYG
Dustin HopkinsK - CLEView News,@CIN,1.52,0.0,0.34,0.45,0.39,0.23,6.21,,,,,,,,,,18,Dustin Hopkins,K,CLE
John Parker RomoK - NE,MIA,0.47,0.0,0.07,0.13,0.07,0.07,1.63,,,,,,,,,,18,John Parker Romo,K,NE
Ryan FitzgeraldK - CAR,@TB,0.2,0.0,0.05,0.05,0.05,0.05,0.9,,,,,,,,,,18,Ryan Fitzgerald,K,CAR
Caden DavisK - BUF,NYJ,0.0,0.0,0.0,0.0,0.0,0.0,0.0,,,,,,,,,,18,Caden Davis,K,BUF
Nick FolkK - NYJ,@BUF,0.0,0.0,0.0,0.0,0.0,0.0,0.0,,,,,,,,,,18,Nick Folk,K,NYJ
Jude McAtamneyK - NYG,DAL,0.0,0.0,0.0,0.0,0.0,0.0,0.0,,,,,,,,,,18,Jude McAtamney,K,NYG
Harrison MevisK - NYJ,@BUF,0.0,0.0,0.0,0.0,0.0,0.0,0.0,,,,,,,,,,18,Harrison Mevis,K,NYJ
Ben SaulsK - PIT,BAL,0.0,0.0,0.0,0.0,0.0,0.0,0.0,,,,,,,,,,18,Ben Sauls,K,PIT
Charlie SmythK - NO,@ATL,0.0,0.0,0.0,0.0,0.0,0.0,0.0,,,,,,,,,,18,Charlie Smyth,K,NO
Anders CarlsonK,Bye,0.0,0.0,0.0,0.0,0.0,0.0,0.0,,,,,,,,,,18,Anders Carlson,K,
Ryan CoeK,Bye,0.0,0.0,0.0,0.0,0.0,0.0,0.0,,,,,,,,,,18,Ryan Coe,K,
Zane GonzalezK,Bye,0.0,0.0,0.0,0.0,0.0,0.0,0.0,,,,,,,,,,18,Zane Gonzalez,K,
Alex HaleK,Bye,0.0,0.0,0.0,0.0,0.0,0.0,0.0,,,,,,,,,,18,Alex Hale,K,
John HoylandK,Bye,0.0,0.0,0.0,0.0,0.0,0.0,0.0,,,,,,,,,,18,John Hoyland,K,
Greg JosephK,Bye,0.0,0.0,0.0,0.0,0.0,0.0,0.0,,,,,,,,,,18,Greg Joseph,K,
Jonathan KimK,Bye,0.0,0.0,0.0,0.0,0.0,0.0,0.0,,,,,,,,,,18,Jonathan Kim,K,
Lenny KriegK - ATL,NO,0.0,0.0,0.0,0.0,0.0,0.0,0.0,,,,,,,,,,18,Lenny Krieg,K,ATL
Mark McNameeK - GB,@MIN,0.0,0.0,0.0,0.0,0.0,0.0,0.0,,,,,,,,,,18,Mark McNamee,K,GB
Riley PattersonK,Bye,0.0,0.0,0.0,0.0,0.0,0.0,0.0,,,,,,,,,,18,Riley Patterson,K,
