Player,Opp,Yds,TD,Int,Yds,TD,Rec,Yds,TD,TD,FumTD,2PT,Lost,Points,Week,Name,_position,_team
Josh Allen QB - BUF,ARI,256.85,1.72,0.89,34.9,0.57,0.0,0.0,0.0,0.0,0.0,0.0,0.25,21.78,1,Josh Allen,QB,BUF
Jalen Hurts QB - PHI,GB,224.94,1.34,0.67,39.6,0.67,0.0,0.0,0.0,0.0,0.0,0.0,0.18,20.64,1,Jalen Hurts,QB,PHI
Patrick Mahomes QB - KC,BAL,283.29,2,0.73,22.11,0.12,0.0,0.0,0.0,0.0,0.0,0.0,0.24,20.32,1,Patrick Mahomes,QB,KC
Lamar Jackson QB - BAL,@KC,206.95,1.48,0.59,51.37,0.32,0.0,0.0,0.0,0.0,0.0,0.0,0.23,19.62,1,Lamar Jackson,QB,BAL
C.J. Stroud QB - HOU,@IND,275.96,2.09,0.76,12,0.12,0.0,0.0,0.0,0.0,0.0,0.0,0.19,19.42,1,C.J. Stroud,QB,HOU
Anthony Richardson QB - IND,HOU,197.74,1.12,0.71,47.48,0.55,0.0,0.0,0.0,0.0,0.0,0.0,0.18,18.66,1,Anthony Richardson,QB,IND
Joe Burrow QB - CIN,NE,266.74,1.98,0.74,11.73,0.12,0.0,0.0,0.0,0.0,0.0,0.0,0.25,18.50,1,Joe Burrow,QB,CIN
Jordan Love QB - GB,@PHI,240.44,1.71,0.74,13.98,0.19,0.0,0.0,0.0,0.0,0.0,0.0,0.19,17.14,1,Jordan Love,QB,GB
Jared Goff QB - DET,LAR,266.68,1.84,0.7,3.55,0.06,0.0,0.0,0.0,0.0,0.0,0.0,0.19,16.96,1,Jared Goff,QB,DET
Dak Prescott QB - DAL,@CLE,235.59,1.75,0.64,13.05,0.12,0.0,0.0,0.0,0.0,0.0,0.0,0.18,16.81,1,Dak Prescott,QB,DAL
Brock Purdy QB - SF,NYJ,235.89,1.76,0.65,9.82,0.12,0.0,0.0,0.0,0.0,0.0,0.0,0.18,16.52,1,Brock Purdy,QB,SF
Matthew Stafford QB - LAR,@DET,262.11,1.86,0.9,3.89,0.06,0.0,0.0,0.0,0.0,0.0,0.0,0.19,16.49,1,Matthew Stafford,QB,LAR
Trevor Lawrence QB - JAX,@MIA,236.82,1.51,0.78,18.78,0.18,0.0,0.0,0.0,0.0,0.0,0.0,0.25,16.41,1,Trevor Lawrence,QB,JAX
Tua Tagovailoa QB - MIA,JAX,256.07,1.81,0.75,4.46,0.06,0.0,0.0,0.0,0.0,0.0,0.0,0.19,16.41,1,Tua Tagovailoa,QB,MIA
Kyler Murray QB - ARI,@BUF,212.73,1.23,0.67,30.33,0.27,0.0,0.0,0.0,0.0,0.0,0.0,0.17,16.40,1,Kyler Murray,QB,ARI
Caleb Williams QB - CHI,TEN,237.24,1.54,0.86,17.48,0.18,0.0,0.0,0.0,0.0,0.0,0.0,0.18,16.40,1,Caleb Williams,QB,CHI
Justin Herbert QB - LAC Q,LV,236.39,1.55,0.6,12.44,0.18,0.0,0.0,0.0,0.0,0.0,0.0,0.24,16.30,1,Justin Herbert,QB,LAC
Jayden Daniels QB - WAS,@TB,187.65,1.1,0.83,35.34,0.4,0.0,0.0,0.0,0.0,0.0,0.0,0.18,15.82,1,Jayden Daniels,QB,WAS
Baker Mayfield QB - TB,WAS,236.15,1.5,0.75,11.09,0.11,0.0,0.0,0.0,0.0,0.0,0.0,0.18,15.36,1,Baker Mayfield,QB,TB
Deshaun Watson QB - CLE,DAL,205.24,1.32,0.78,22.7,0.23,0.0,0.0,0.0,0.0,0.0,0.0,0.18,15.22,1,Deshaun Watson,QB,CLE
Geno Smith QB - SEA,DEN,233.53,1.48,0.69,8.94,0.12,0.0,0.0,0.0,0.0,0.0,0.0,0.19,15.12,1,Geno Smith,QB,SEA
Kirk Cousins QB - ATL,PIT,234.96,1.53,0.7,4.19,0.06,0.0,0.0,0.0,0.0,0.0,0.0,0.18,14.54,1,Kirk Cousins,QB,ATL
Aaron Rodgers QB - NYJ,@SF,217.42,1.51,0.5,5.4,0.06,0.0,0.0,0.0,0.0,0.0,0.0,0.17,14.30,1,Aaron Rodgers,QB,NYJ
Daniel Jones QB - NYG,MIN,198.68,1.09,0.61,23.3,0.17,0.0,0.0,0.0,0.0,0.0,0.0,0.2,14.04,1,Daniel Jones,QB,NYG
Will Levis QB - TEN,@CHI,213.56,1.33,0.78,9.3,0.11,0.0,0.0,0.0,0.0,0.0,0.0,0.17,13.55,1,Will Levis,QB,TEN
Jalen Hurts QB - PHI,ATL,229.71,1.37,0.68,40.44,0.69,0.0,0.0,0.0,0.0,0.0,0.0,0.19,21.11,2,Jalen Hurts,QB,PHI
Josh Allen QB - BUF,@MIA,246.43,1.65,0.86,33.48,0.55,0.0,0.0,0.0,0.0,0.0,0.0,0.24,20.91,2,Josh Allen,QB,BUF
Lamar Jackson QB - BAL,LV,220.88,1.61,0.62,53.07,0.31,0.0,0.0,0.0,0.0,0.0,0.0,0.19,20.82,2,Lamar Jackson,QB,BAL
Patrick Mahomes QB - KC,CIN,280.15,2.1,0.76,22.45,0.13,0.0,0.0,0.0,0.0,0.0,0.0,0.25,20.61,2,Patrick Mahomes,QB,KC
C.J. Stroud QB - HOU,CHI,267.37,2.02,0.73,11.9,0.12,0.0,0.0,0.0,0.0,0.0,0.0,0.18,18.86,2,C.J. Stroud,QB,HOU
Anthony Richardson QB - IND,@GB,192.55,1.09,0.69,46.23,0.53,0.0,0.0,0.0,0.0,0.0,0.0,0.17,18.15,2,Anthony Richardson,QB,IND
Dak Prescott QB - DAL,NO,252.61,1.88,0.69,13.99,0.13,0.0,0.0,0.0,0.0,0.0,0.0,0.19,18.04,2,Dak Prescott,QB,DAL
Joe Burrow QB - CIN,@KC,252.26,1.87,0.7,11.09,0.12,0.0,0.0,0.0,0.0,0.0,0.0,0.23,17.54,2,Joe Burrow,QB,CIN
Brock Purdy QB - SF,@MIN,245.02,1.83,0.67,10.2,0.13,0.0,0.0,0.0,0.0,0.0,0.0,0.18,17.22,2,Brock Purdy,QB,SF
Jordan Love QB - GB,IND,241.86,1.72,0.74,13.08,0.18,0.0,0.0,0.0,0.0,0.0,0.0,0.18,17.10,2,Jordan Love,QB,GB
Jared Goff QB - DET,TB,266.68,1.84,0.7,3.55,0.06,0.0,0.0,0.0,0.0,0.0,0.0,0.19,16.96,2,Jared Goff,QB,DET
Kyler Murray QB - ARI,LAR,216.78,1.24,0.71,30.91,0.29,0.0,0.0,0.0,0.0,0.0,0.0,0.18,16.68,2,Kyler Murray,QB,ARI
Tua Tagovailoa QB - MIA,BUF,255.01,1.8,0.75,4.44,0.06,0.0,0.0,0.0,0.0,0.0,0.0,0.19,16.32,2,Tua Tagovailoa,QB,MIA
Justin Herbert QB - LAC Q,@CAR,235.36,1.54,0.59,12.38,0.18,0.0,0.0,0.0,0.0,0.0,0.0,0.24,16.23,2,Justin Herbert,QB,LAC
Trevor Lawrence QB - JAX,CLE,230.84,1.48,0.77,18.86,0.18,0.0,0.0,0.0,0.0,0.0,0.0,0.24,16.10,2,Trevor Lawrence,QB,JAX
Matthew Stafford QB - LAR,@ARI,251.78,1.79,0.86,4.01,0.06,0.0,0.0,0.0,0.0,0.0,0.0,0.18,15.91,2,Matthew Stafford,QB,LAR
Jayden Daniels QB - WAS,NYG,198.1,1.17,0.82,30.91,0.35,0.0,0.0,0.0,0.0,0.0,0.0,0.17,15.82,2,Jayden Daniels,QB,WAS
Caleb Williams QB - CHI,@HOU,224.47,1.45,0.81,16.95,0.17,0.0,0.0,0.0,0.0,0.0,0.0,0.17,15.53,2,Caleb Williams,QB,CHI
Aaron Rodgers QB - NYJ,@TEN,233.57,1.62,0.54,5.8,0.06,0.0,0.0,0.0,0.0,0.0,0.0,0.18,15.32,2,Aaron Rodgers,QB,NYJ
Deshaun Watson QB - CLE,@JAX,196.21,1.28,0.76,22.66,0.23,0.0,0.0,0.0,0.0,0.0,0.0,0.17,14.75,2,Deshaun Watson,QB,CLE
Geno Smith QB - SEA,@NE,221.01,1.41,0.64,8.78,0.12,0.0,0.0,0.0,0.0,0.0,0.0,0.18,14.44,2,Geno Smith,QB,SEA
Kirk Cousins QB - ATL,@PHI,229.23,1.46,0.7,4.32,0.06,0.0,0.0,0.0,0.0,0.0,0.0,0.18,14.04,2,Kirk Cousins,QB,ATL
Baker Mayfield QB - TB,@DET,213.26,1.36,0.68,10.74,0.11,0.0,0.0,0.0,0.0,0.0,0.0,0.17,14.00,2,Baker Mayfield,QB,TB
Will Levis QB - TEN,NYJ,214.56,1.34,0.78,9.34,0.11,0.0,0.0,0.0,0.0,0.0,0.0,0.17,13.64,2,Will Levis,QB,TEN
Drake Maye QB - NE,SEA,193.71,1.12,0.73,15.22,0.17,0.0,0.0,0.0,0.0,0.0,0.0,0.17,12.97,2,Drake Maye,QB,NE
Josh Allen QB - BUF,JAX,253.73,1.7,0.88,34.47,0.56,0.0,0.0,0.0,0.0,0.0,0.0,0.25,21.50,3,Josh Allen,QB,BUF
Patrick Mahomes QB - KC,@ATL,290.54,2.05,0.75,22.68,0.13,0.0,0.0,0.0,0.0,0.0,0.0,0.25,20.87,3,Patrick Mahomes,QB,KC
Jalen Hurts QB - PHI,@NO,222.07,1.32,0.66,39.09,0.66,0.0,0.0,0.0,0.0,0.0,0.0,0.18,20.35,3,Jalen Hurts,QB,PHI
Lamar Jackson QB - BAL,@DAL,212.58,1.55,0.6,51.08,0.3,0.0,0.0,0.0,0.0,0.0,0.0,0.18,20.05,3,Lamar Jackson,QB,BAL
Anthony Richardson QB - IND,CHI,202.93,1.15,0.73,48.73,0.56,0.0,0.0,0.0,0.0,0.0,0.0,0.18,19.13,3,Anthony Richardson,QB,IND
Joe Burrow QB - CIN,WAS,274.53,2.04,0.76,12.07,0.13,0.0,0.0,0.0,0.0,0.0,0.0,0.25,19.11,3,Joe Burrow,QB,CIN
C.J. Stroud QB - HOU,@MIN,267.37,2.02,0.73,11.9,0.12,0.0,0.0,0.0,0.0,0.0,0.0,0.18,18.86,3,C.J. Stroud,QB,HOU
Dak Prescott QB - DAL,BAL,249.42,1.86,0.68,13.82,0.12,0.0,0.0,0.0,0.0,0.0,0.0,0.19,17.78,3,Dak Prescott,QB,DAL
Brock Purdy QB - SF,@LAR,242.99,1.82,0.67,10.12,0.12,0.0,0.0,0.0,0.0,0.0,0.0,0.18,17.03,3,Brock Purdy,QB,SF
Jared Goff QB - DET,@ARI,265.59,1.83,0.69,3.53,0.06,0.0,0.0,0.0,0.0,0.0,0.0,0.19,16.90,3,Jared Goff,QB,DET
Kyler Murray QB - ARI,DET,216.78,1.24,0.71,30.91,0.29,0.0,0.0,0.0,0.0,0.0,0.0,0.18,16.68,3,Kyler Murray,QB,ARI
Jordan Love QB - GB,@TEN,234.76,1.67,0.72,12.7,0.18,0.0,0.0,0.0,0.0,0.0,0.0,0.18,16.62,3,Jordan Love,QB,GB
Tua Tagovailoa QB - MIA,@SEA,252.89,1.79,0.74,4.41,0.06,0.0,0.0,0.0,0.0,0.0,0.0,0.18,16.24,3,Tua Tagovailoa,QB,MIA
Trevor Lawrence QB - JAX,@BUF,227.81,1.46,0.76,18.61,0.18,0.0,0.0,0.0,0.0,0.0,0.0,0.23,15.91,3,Trevor Lawrence,QB,JAX
Caleb Williams QB - CHI,@IND,226.47,1.47,0.82,17.1,0.18,0.0,0.0,0.0,0.0,0.0,0.0,0.18,15.73,3,Caleb Williams,QB,CHI
Aaron Rodgers QB - NYJ,NE,237.6,1.65,0.55,5.9,0.06,0.0,0.0,0.0,0.0,0.0,0.0,0.18,15.59,3,Aaron Rodgers,QB,NYJ
Justin Herbert QB - LAC Q,@PIT,223.06,1.46,0.56,11.74,0.17,0.0,0.0,0.0,0.0,0.0,0.0,0.22,15.40,3,Justin Herbert,QB,LAC
Deshaun Watson QB - CLE,NYG,204.95,1.33,0.79,23.67,0.24,0.0,0.0,0.0,0.0,0.0,0.0,0.18,15.39,3,Deshaun Watson,QB,CLE
Matthew Stafford QB - LAR,SF,242.28,1.72,0.83,3.86,0.06,0.0,0.0,0.0,0.0,0.0,0.0,0.18,15.30,3,Matthew Stafford,QB,LAR
Jayden Daniels QB - WAS,@CIN,190.26,1.12,0.78,29.69,0.33,0.0,0.0,0.0,0.0,0.0,0.0,0.17,15.14,3,Jayden Daniels,QB,WAS
Geno Smith QB - SEA,MIA,224.91,1.43,0.66,8.94,0.12,0.0,0.0,0.0,0.0,0.0,0.0,0.18,14.65,3,Geno Smith,QB,SEA
Baker Mayfield QB - TB,DEN,221.97,1.41,0.71,11.18,0.12,0.0,0.0,0.0,0.0,0.0,0.0,0.18,14.58,3,Baker Mayfield,QB,TB
Kirk Cousins QB - ATL,KC,231.26,1.48,0.71,4.36,0.06,0.0,0.0,0.0,0.0,0.0,0.0,0.18,14.19,3,Kirk Cousins,QB,ATL
Will Levis QB - TEN,GB,216.55,1.35,0.79,9.43,0.11,0.0,0.0,0.0,0.0,0.0,0.0,0.17,13.75,3,Will Levis,QB,TEN
Russell Wilson QB - PIT,LAC,187.73,1.17,0.64,19.44,0.12,0.0,0.0,0.0,0.0,0.0,0.0,0.17,13.23,3,Russell Wilson,QB,PIT
Lamar Jackson QB - BAL,BUF,219.03,1.6,0.61,52.63,0.31,0.0,0.0,0.0,0.0,0.0,0.0,0.18,20.70,4,Lamar Jackson,QB,BAL
Jalen Hurts QB - PHI,@TB,223.98,1.33,0.67,39.43,0.67,0.0,0.0,0.0,0.0,0.0,0.0,0.18,20.54,4,Jalen Hurts,QB,PHI
Patrick Mahomes QB - KC,@LAC,280.88,1.99,0.72,21.92,0.12,0.0,0.0,0.0,0.0,0.0,0.0,0.24,20.19,4,Patrick Mahomes,QB,KC
Josh Allen QB - BUF,@BAL,234.97,1.57,0.82,31.92,0.52,0.0,0.0,0.0,0.0,0.0,0.0,0.23,19.89,4,Josh Allen,QB,BUF
C.J. Stroud QB - HOU,JAX,269.63,2.04,0.74,12,0.12,0.0,0.0,0.0,0.0,0.0,0.0,0.19,19.01,4,C.J. Stroud,QB,HOU
Anthony Richardson QB - IND,PIT,196.01,1.11,0.7,47.06,0.54,0.0,0.0,0.0,0.0,0.0,0.0,0.18,18.47,4,Anthony Richardson,QB,IND
Joe Burrow QB - CIN,@CAR,265.62,1.97,0.74,11.68,0.12,0.0,0.0,0.0,0.0,0.0,0.0,0.25,18.41,4,Joe Burrow,QB,CIN
Brock Purdy QB - SF,NE,253.13,1.89,0.69,10.54,0.13,0.0,0.0,0.0,0.0,0.0,0.0,0.19,17.76,4,Brock Purdy,QB,SF
Dak Prescott QB - DAL,@NYG,248.35,1.85,0.68,13.76,0.12,0.0,0.0,0.0,0.0,0.0,0.0,0.19,17.69,4,Dak Prescott,QB,DAL
Jared Goff QB - DET,SEA,267.76,1.85,0.7,3.56,0.06,0.0,0.0,0.0,0.0,0.0,0.0,0.19,17.05,4,Jared Goff,QB,DET
Jordan Love QB - GB,MIN,239.83,1.71,0.73,12.97,0.18,0.0,0.0,0.0,0.0,0.0,0.0,0.18,16.99,4,Jordan Love,QB,GB
Kyler Murray QB - ARI,WAS,219.62,1.26,0.72,31.32,0.3,0.0,0.0,0.0,0.0,0.0,0.0,0.18,16.96,4,Kyler Murray,QB,ARI
Tua Tagovailoa QB - MIA,TEN,256.07,1.81,0.75,4.46,0.06,0.0,0.0,0.0,0.0,0.0,0.0,0.19,16.41,4,Tua Tagovailoa,QB,MIA
Caleb Williams QB - CHI,LAR,233.47,1.51,0.85,17.63,0.18,0.0,0.0,0.0,0.0,0.0,0.0,0.18,16.16,4,Caleb Williams,QB,CHI
Trevor Lawrence QB - JAX,@HOU,226.8,1.45,0.75,18.53,0.18,0.0,0.0,0.0,0.0,0.0,0.0,0.23,15.85,4,Trevor Lawrence,QB,JAX
Justin Herbert QB - LAC Q,KC,226.13,1.48,0.57,11.9,0.17,0.0,0.0,0.0,0.0,0.0,0.0,0.23,15.58,4,Justin Herbert,QB,LAC
Aaron Rodgers QB - NYJ,DEN,235.58,1.63,0.54,5.85,0.06,0.0,0.0,0.0,0.0,0.0,0.0,0.18,15.45,4,Aaron Rodgers,QB,NYJ
Jayden Daniels QB - WAS,@ARI,192.88,1.14,0.79,30.1,0.34,0.0,0.0,0.0,0.0,0.0,0.0,0.17,15.41,4,Jayden Daniels,QB,WAS
Matthew Stafford QB - LAR,@CHI,240.17,1.7,0.82,3.83,0.06,0.0,0.0,0.0,0.0,0.0,0.0,0.18,15.15,4,Matthew Stafford,QB,LAR
Deshaun Watson QB - CLE,@LV,199.7,1.3,0.77,23.07,0.23,0.0,0.0,0.0,0.0,0.0,0.0,0.18,14.98,4,Deshaun Watson,QB,CLE
Kirk Cousins QB - ATL,NO,236.32,1.51,0.72,4.45,0.06,0.0,0.0,0.0,0.0,0.0,0.0,0.18,14.50,4,Kirk Cousins,QB,ATL
Baker Mayfield QB - TB,PHI,219.07,1.39,0.7,11.04,0.11,0.0,0.0,0.0,0.0,0.0,0.0,0.17,14.35,4,Baker Mayfield,QB,TB
Geno Smith QB - SEA,@DET,217.1,1.38,0.63,8.63,0.12,0.0,0.0,0.0,0.0,0.0,0.0,0.17,14.19,4,Geno Smith,QB,SEA
Will Levis QB - TEN,@MIA,214.56,1.34,0.78,9.34,0.11,0.0,0.0,0.0,0.0,0.0,0.0,0.17,13.64,4,Will Levis,QB,TEN
Russell Wilson QB - PIT,@IND,186.9,1.16,0.64,19.36,0.12,0.0,0.0,0.0,0.0,0.0,0.0,0.17,13.15,4,Russell Wilson,QB,PIT
Patrick Mahomes QB - KC,NO,291.75,2.06,0.75,22.77,0.13,0.0,0.0,0.0,0.0,0.0,0.0,0.25,20.97,5,Patrick Mahomes,QB,KC
Josh Allen QB - BUF,@HOU,239.14,1.6,0.83,32.49,0.53,0.0,0.0,0.0,0.0,0.0,0.0,0.24,20.25,5,Josh Allen,QB,BUF
Lamar Jackson QB - BAL,@CIN,208.89,1.52,0.59,50.19,0.29,0.0,0.0,0.0,0.0,0.0,0.0,0.18,19.65,5,Lamar Jackson,QB,BAL
C.J. Stroud QB - HOU,BUF,266.24,2.01,0.73,11.85,0.12,0.0,0.0,0.0,0.0,0.0,0.0,0.18,18.77,5,C.J. Stroud,QB,HOU
Anthony Richardson QB - IND,@JAX,195.15,1.11,0.7,46.86,0.54,0.0,0.0,0.0,0.0,0.0,0.0,0.18,18.41,5,Anthony Richardson,QB,IND
Joe Burrow QB - CIN,BAL,258.94,1.92,0.72,11.39,0.12,0.0,0.0,0.0,0.0,0.0,0.0,0.24,17.98,5,Joe Burrow,QB,CIN
Brock Purdy QB - SF,ARI,253.13,1.89,0.69,10.54,0.13,0.0,0.0,0.0,0.0,0.0,0.0,0.19,17.76,5,Brock Purdy,QB,SF
Dak Prescott QB - DAL,@PIT,239.85,1.79,0.65,13.29,0.12,0.0,0.0,0.0,0.0,0.0,0.0,0.18,17.14,5,Dak Prescott,QB,DAL
Jordan Love QB - GB,@LAR,233.74,1.67,0.71,12.64,0.18,0.0,0.0,0.0,0.0,0.0,0.0,0.18,16.59,5,Jordan Love,QB,GB
Trevor Lawrence QB - JAX,IND,237.91,1.52,0.79,19.44,0.18,0.0,0.0,0.0,0.0,0.0,0.0,0.24,16.56,5,Trevor Lawrence,QB,JAX
Caleb Williams QB - CHI,CAR,231.47,1.5,0.84,17.48,0.18,0.0,0.0,0.0,0.0,0.0,0.0,0.18,16.05,5,Caleb Williams,QB,CHI
Tua Tagovailoa QB - MIA,@NE,249.71,1.76,0.73,4.35,0.06,0.0,0.0,0.0,0.0,0.0,0.0,0.18,16.00,5,Tua Tagovailoa,QB,MIA
Matthew Stafford QB - LAR,GB,249.67,1.77,0.86,3.98,0.06,0.0,0.0,0.0,0.0,0.0,0.0,0.18,15.74,5,Matthew Stafford,QB,LAR
Kyler Murray QB - ARI,@SF,200.65,1.15,0.66,28.61,0.27,0.0,0.0,0.0,0.0,0.0,0.0,0.16,15.47,5,Kyler Murray,QB,ARI
Aaron Rodgers QB - NYJ,@MIN,235.58,1.63,0.54,5.85,0.06,0.0,0.0,0.0,0.0,0.0,0.0,0.18,15.45,5,Aaron Rodgers,QB,NYJ
Deshaun Watson QB - CLE,@WAS,200.58,1.31,0.77,23.17,0.24,0.0,0.0,0.0,0.0,0.0,0.0,0.18,15.12,5,Deshaun Watson,QB,CLE
Jayden Daniels QB - WAS,CLE,189.39,1.12,0.78,29.56,0.33,0.0,0.0,0.0,0.0,0.0,0.0,0.17,15.09,5,Jayden Daniels,QB,WAS
Geno Smith QB - SEA,NYG,223.93,1.42,0.65,8.9,0.12,0.0,0.0,0.0,0.0,0.0,0.0,0.18,14.59,5,Geno Smith,QB,SEA
Kirk Cousins QB - ATL,TB,234.29,1.5,0.72,4.41,0.06,0.0,0.0,0.0,0.0,0.0,0.0,0.18,14.37,5,Kirk Cousins,QB,ATL
Baker Mayfield QB - TB,@ATL,217.87,1.36,0.68,10.78,0.11,0.0,0.0,0.0,0.0,0.0,0.0,0.17,14.19,5,Baker Mayfield,QB,TB
Drake Maye QB - NE,MIA,194.6,1.12,0.73,15.29,0.17,0.0,0.0,0.0,0.0,0.0,0.0,0.17,13.01,5,Drake Maye,QB,NE
Russell Wilson QB - PIT,DAL,182.73,1.14,0.62,18.93,0.11,0.0,0.0,0.0,0.0,0.0,0.0,0.17,12.84,5,Russell Wilson,QB,PIT
Gardner Minshew QB - LV,@DEN,208.17,1.13,0.75,6.76,0.09,0.0,0.0,0.0,0.0,0.0,0.0,0.14,12.28,5,Gardner Minshew,QB,LV
Daniel Jones QB - NYG,@SEA,162.99,0.89,0.5,22.88,0.17,0.0,0.0,0.0,0.0,0.0,0.0,0.17,12.05,5,Daniel Jones,QB,NYG
Bryce Young QB - CAR,@CHI,188.13,1.08,0.76,12.37,0.11,0.0,0.0,0.0,0.0,0.0,0.0,0.16,11.90,5,Bryce Young,QB,CAR
Lamar Jackson QB - BAL,WAS,226.41,1.65,0.63,54.4,0.32,0.0,0.0,0.0,0.0,0.0,0.0,0.19,21.38,6,Lamar Jackson,QB,BAL
Jalen Hurts QB - PHI,CLE,223.02,1.33,0.66,39.26,0.67,0.0,0.0,0.0,0.0,0.0,0.0,0.18,20.51,6,Jalen Hurts,QB,PHI
Josh Allen QB - BUF,@NYJ,238.1,1.59,0.83,32.35,0.53,0.0,0.0,0.0,0.0,0.0,0.0,0.24,20.16,6,Josh Allen,QB,BUF
Anthony Richardson QB - IND,@TEN,197.74,1.12,0.71,47.48,0.55,0.0,0.0,0.0,0.0,0.0,0.0,0.18,18.66,6,Anthony Richardson,QB,IND
C.J. Stroud QB - HOU,@NE,263.98,1.99,0.73,11.75,0.12,0.0,0.0,0.0,0.0,0.0,0.0,0.18,18.59,6,C.J. Stroud,QB,HOU
Joe Burrow QB - CIN,@NYG,262.28,1.95,0.73,11.53,0.12,0.0,0.0,0.0,0.0,0.0,0.0,0.24,18.22,6,Joe Burrow,QB,CIN
Dak Prescott QB - DAL,DET,249.42,1.86,0.68,13.82,0.12,0.0,0.0,0.0,0.0,0.0,0.0,0.19,17.78,6,Dak Prescott,QB,DAL
Jordan Love QB - GB,ARI,242.87,1.73,0.74,13.14,0.18,0.0,0.0,0.0,0.0,0.0,0.0,0.19,17.17,6,Jordan Love,QB,GB
Brock Purdy QB - SF,@SEA,242.99,1.82,0.67,10.12,0.12,0.0,0.0,0.0,0.0,0.0,0.0,0.18,17.03,6,Brock Purdy,QB,SF
Trevor Lawrence QB - JAX,@CHI,235.89,1.51,0.78,19.27,0.18,0.0,0.0,0.0,0.0,0.0,0.0,0.24,16.44,6,Trevor Lawrence,QB,JAX
Jared Goff QB - DET,@DAL,252.56,1.74,0.66,3.36,0.06,0.0,0.0,0.0,0.0,0.0,0.0,0.18,16.08,6,Jared Goff,QB,DET
Kyler Murray QB - ARI,@GB,208.24,1.19,0.68,29.69,0.28,0.0,0.0,0.0,0.0,0.0,0.0,0.17,16.04,6,Kyler Murray,QB,ARI
Justin Herbert QB - LAC Q,@DEN,232.29,1.52,0.59,12.22,0.17,0.0,0.0,0.0,0.0,0.0,0.0,0.23,15.97,6,Justin Herbert,QB,LAC
Caleb Williams QB - CHI,JAX,229.47,1.49,0.83,17.33,0.18,0.0,0.0,0.0,0.0,0.0,0.0,0.18,15.93,6,Caleb Williams,QB,CHI
Aaron Rodgers QB - NYJ,BUF,236.59,1.64,0.55,5.88,0.06,0.0,0.0,0.0,0.0,0.0,0.0,0.18,15.51,6,Aaron Rodgers,QB,NYJ
Jayden Daniels QB - WAS,@BAL,185.91,1.09,0.77,29.01,0.33,0.0,0.0,0.0,0.0,0.0,0.0,0.16,14.82,6,Jayden Daniels,QB,WAS
Deshaun Watson QB - CLE,@PHI,193.58,1.26,0.74,22.36,0.23,0.0,0.0,0.0,0.0,0.0,0.0,0.17,14.58,6,Deshaun Watson,QB,CLE
Kirk Cousins QB - ATL,@CAR,234.29,1.5,0.72,4.41,0.06,0.0,0.0,0.0,0.0,0.0,0.0,0.18,14.37,6,Kirk Cousins,QB,ATL
Baker Mayfield QB - TB,@NO,217.87,1.36,0.68,10.78,0.11,0.0,0.0,0.0,0.0,0.0,0.0,0.17,14.19,6,Baker Mayfield,QB,TB
Will Levis QB - TEN,IND,221.53,1.38,0.81,9.64,0.11,0.0,0.0,0.0,0.0,0.0,0.0,0.17,14.05,6,Will Levis,QB,TEN
Geno Smith QB - SEA,SF,214.18,1.36,0.62,8.51,0.12,0.0,0.0,0.0,0.0,0.0,0.0,0.17,14.00,6,Geno Smith,QB,SEA
Russell Wilson QB - PIT,@LV,185.23,1.15,0.63,19.18,0.12,0.0,0.0,0.0,0.0,0.0,0.0,0.17,13.05,6,Russell Wilson,QB,PIT
Drake Maye QB - NE,HOU,192.81,1.11,0.72,15.15,0.17,0.0,0.0,0.0,0.0,0.0,0.0,0.17,12.91,6,Drake Maye,QB,NE
Derek Carr QB - NO,TB,212.58,1.28,0.64,3.91,0.06,0.0,0.0,0.0,0.0,0.0,0.0,0.17,12.75,6,Derek Carr,QB,NO
Gardner Minshew QB - LV,PIT,210.09,1.14,0.76,6.83,0.09,0.0,0.0,0.0,0.0,0.0,0.0,0.15,12.37,6,Gardner Minshew,QB,LV
Josh Allen QB - BUF,TEN,255.81,1.71,0.89,34.76,0.57,0.0,0.0,0.0,0.0,0.0,0.0,0.25,21.69,7,Josh Allen,QB,BUF
Jalen Hurts QB - PHI,@NYG,222.07,1.32,0.66,39.09,0.66,0.0,0.0,0.0,0.0,0.0,0.0,0.18,20.35,7,Jalen Hurts,QB,PHI
Lamar Jackson QB - BAL,@TB,216.87,1.54,0.62,51.9,0.32,0.0,0.0,0.0,0.0,0.0,0.0,0.19,20.32,7,Lamar Jackson,QB,BAL
Patrick Mahomes QB - KC,@SF,278.46,1.97,0.72,21.73,0.12,0.0,0.0,0.0,0.0,0.0,0.0,0.24,19.99,7,Patrick Mahomes,QB,KC
Anthony Richardson QB - IND,MIA,201.2,1.14,0.72,48.31,0.56,0.0,0.0,0.0,0.0,0.0,0.0,0.18,19.00,7,Anthony Richardson,QB,IND
C.J. Stroud QB - HOU,@GB,258.32,1.95,0.71,11.5,0.12,0.0,0.0,0.0,0.0,0.0,0.0,0.18,18.22,7,C.J. Stroud,QB,HOU
Joe Burrow QB - CIN,@CLE,257.83,1.91,0.72,11.34,0.12,0.0,0.0,0.0,0.0,0.0,0.0,0.24,17.89,7,Joe Burrow,QB,CIN
Jordan Love QB - GB,HOU,241.86,1.72,0.74,13.08,0.18,0.0,0.0,0.0,0.0,0.0,0.0,0.18,17.10,7,Jordan Love,QB,GB
Brock Purdy QB - SF,KC,241.97,1.81,0.66,10.08,0.12,0.0,0.0,0.0,0.0,0.0,0.0,0.18,16.97,7,Brock Purdy,QB,SF
Kyler Murray QB - ARI,LAC,216.78,1.24,0.71,30.91,0.29,0.0,0.0,0.0,0.0,0.0,0.0,0.18,16.68,7,Kyler Murray,QB,ARI
Jared Goff QB - DET,@MIN,259.07,1.79,0.68,3.45,0.06,0.0,0.0,0.0,0.0,0.0,0.0,0.18,16.51,7,Jared Goff,QB,DET
Trevor Lawrence QB - JAX,NE,236.9,1.51,0.79,19.35,0.18,0.0,0.0,0.0,0.0,0.0,0.0,0.24,16.47,7,Trevor Lawrence,QB,JAX
Tua Tagovailoa QB - MIA,@IND,250.77,1.77,0.73,4.37,0.06,0.0,0.0,0.0,0.0,0.0,0.0,0.18,16.09,7,Tua Tagovailoa,QB,MIA
Justin Herbert QB - LAC Q,@ARI,230.23,1.51,0.58,12.11,0.17,0.0,0.0,0.0,0.0,0.0,0.0,0.23,15.86,7,Justin Herbert,QB,LAC
Jayden Daniels QB - WAS,CAR,197.23,1.16,0.81,30.78,0.35,0.0,0.0,0.0,0.0,0.0,0.0,0.17,15.75,7,Jayden Daniels,QB,WAS
Matthew Stafford QB - LAR,LV,249.67,1.77,0.86,3.98,0.06,0.0,0.0,0.0,0.0,0.0,0.0,0.18,15.74,7,Matthew Stafford,QB,LAR
Deshaun Watson QB - CLE,CIN,198.83,1.29,0.77,22.97,0.23,0.0,0.0,0.0,0.0,0.0,0.0,0.18,14.89,7,Deshaun Watson,QB,CLE
Aaron Rodgers QB - NYJ,@PIT,226.5,1.57,0.52,5.62,0.06,0.0,0.0,0.0,0.0,0.0,0.0,0.17,14.88,7,Aaron Rodgers,QB,NYJ
Kirk Cousins QB - ATL,SEA,242.39,1.55,0.74,4.57,0.06,0.0,0.0,0.0,0.0,0.0,0.0,0.19,14.85,7,Kirk Cousins,QB,ATL
Geno Smith QB - SEA,@ATL,220.03,1.4,0.64,8.74,0.12,0.0,0.0,0.0,0.0,0.0,0.0,0.18,14.36,7,Geno Smith,QB,SEA
Baker Mayfield QB - TB,BAL,216.88,1.36,0.68,10.73,0.11,0.0,0.0,0.0,0.0,0.0,0.0,0.17,14.15,7,Baker Mayfield,QB,TB
Will Levis QB - TEN,@BUF,216.55,1.35,0.79,9.43,0.11,0.0,0.0,0.0,0.0,0.0,0.0,0.17,13.75,7,Will Levis,QB,TEN
Derek Carr QB - NO,DEN,215.41,1.3,0.65,3.97,0.06,0.0,0.0,0.0,0.0,0.0,0.0,0.18,12.91,7,Derek Carr,QB,NO
Russell Wilson QB - PIT,NYJ,183.57,1.14,0.63,19.01,0.11,0.0,0.0,0.0,0.0,0.0,0.0,0.17,12.86,7,Russell Wilson,QB,PIT
Drake Maye QB - NE,@JAX,186.55,1.08,0.7,14.66,0.16,0.0,0.0,0.0,0.0,0.0,0.0,0.16,12.49,7,Drake Maye,QB,NE
Patrick Mahomes QB - KC,@LV,290.54,2.05,0.75,22.68,0.13,0.0,0.0,0.0,0.0,0.0,0.0,0.25,20.87,8,Patrick Mahomes,QB,KC
Josh Allen QB - BUF,@SEA,245.39,1.64,0.85,33.34,0.55,0.0,0.0,0.0,0.0,0.0,0.0,0.24,20.83,8,Josh Allen,QB,BUF
Lamar Jackson QB - BAL,@CLE,211.65,1.54,0.59,50.86,0.3,0.0,0.0,0.0,0.0,0.0,0.0,0.18,19.97,8,Lamar Jackson,QB,BAL
Jalen Hurts QB - PHI,@CIN,215.38,1.28,0.64,37.92,0.64,0.0,0.0,0.0,0.0,0.0,0.0,0.18,19.73,8,Jalen Hurts,QB,PHI
C.J. Stroud QB - HOU,IND,271.89,2.05,0.75,12.1,0.12,0.0,0.0,0.0,0.0,0.0,0.0,0.19,19.13,8,C.J. Stroud,QB,HOU
Joe Burrow QB - CIN,PHI,264.51,1.96,0.74,11.63,0.12,0.0,0.0,0.0,0.0,0.0,0.0,0.25,18.32,8,Joe Burrow,QB,CIN
Anthony Richardson QB - IND,@HOU,194.28,1.1,0.7,46.65,0.54,0.0,0.0,0.0,0.0,0.0,0.0,0.18,18.32,8,Anthony Richardson,QB,IND
Brock Purdy QB - SF,DAL,246.03,1.84,0.67,10.25,0.13,0.0,0.0,0.0,0.0,0.0,0.0,0.18,17.31,8,Brock Purdy,QB,SF
Jared Goff QB - DET,TEN,264.5,1.82,0.69,3.52,0.06,0.0,0.0,0.0,0.0,0.0,0.0,0.19,16.81,8,Jared Goff,QB,DET
Dak Prescott QB - DAL,@SF,234.53,1.75,0.64,12.99,0.12,0.0,0.0,0.0,0.0,0.0,0.0,0.17,16.78,8,Dak Prescott,QB,DAL
Jordan Love QB - GB,@JAX,233.74,1.67,0.71,12.64,0.18,0.0,0.0,0.0,0.0,0.0,0.0,0.18,16.59,8,Jordan Love,QB,GB
Tua Tagovailoa QB - MIA,ARI,257.13,1.82,0.75,4.48,0.06,0.0,0.0,0.0,0.0,0.0,0.0,0.19,16.49,8,Tua Tagovailoa,QB,MIA
Justin Herbert QB - LAC Q,NO,236.39,1.55,0.6,12.44,0.18,0.0,0.0,0.0,0.0,0.0,0.0,0.24,16.30,8,Justin Herbert,QB,LAC
Kyler Murray QB - ARI,@MIA,207.29,1.19,0.68,29.56,0.28,0.0,0.0,0.0,0.0,0.0,0.0,0.17,15.99,8,Kyler Murray,QB,ARI
Trevor Lawrence QB - JAX,GB,228.82,1.46,0.76,18.69,0.18,0.0,0.0,0.0,0.0,0.0,0.0,0.23,15.96,8,Trevor Lawrence,QB,JAX
Caleb Williams QB - CHI,@WAS,229.47,1.49,0.83,17.33,0.18,0.0,0.0,0.0,0.0,0.0,0.0,0.18,15.93,8,Caleb Williams,QB,CHI
Matthew Stafford QB - LAR,MIN,247.56,1.76,0.85,3.94,0.06,0.0,0.0,0.0,0.0,0.0,0.0,0.18,15.64,8,Matthew Stafford,QB,LAR
Jayden Daniels QB - WAS,CHI,192.88,1.14,0.79,30.1,0.34,0.0,0.0,0.0,0.0,0.0,0.0,0.17,15.41,8,Jayden Daniels,QB,WAS
Aaron Rodgers QB - NYJ,@NE,230.54,1.6,0.53,5.73,0.06,0.0,0.0,0.0,0.0,0.0,0.0,0.18,15.13,8,Aaron Rodgers,QB,NYJ
Deshaun Watson QB - CLE,BAL,197.08,1.28,0.76,22.77,0.23,0.0,0.0,0.0,0.0,0.0,0.0,0.17,14.80,8,Deshaun Watson,QB,CLE
Baker Mayfield QB - TB,ATL,220.03,1.4,0.7,11.09,0.11,0.0,0.0,0.0,0.0,0.0,0.0,0.17,14.43,8,Baker Mayfield,QB,TB
Geno Smith QB - SEA,BUF,218.08,1.39,0.64,8.66,0.12,0.0,0.0,0.0,0.0,0.0,0.0,0.17,14.25,8,Geno Smith,QB,SEA
Kirk Cousins QB - ATL,@TB,226.2,1.45,0.69,4.26,0.06,0.0,0.0,0.0,0.0,0.0,0.0,0.17,13.91,8,Kirk Cousins,QB,ATL
Will Levis QB - TEN,@DET,214.56,1.34,0.78,9.34,0.11,0.0,0.0,0.0,0.0,0.0,0.0,0.17,13.64,8,Will Levis,QB,TEN
Russell Wilson QB - PIT,NYG,191.06,1.19,0.65,19.79,0.12,0.0,0.0,0.0,0.0,0.0,0.0,0.18,13.44,8,Russell Wilson,QB,PIT
Josh Allen QB - BUF,MIA,254.77,1.7,0.88,34.61,0.57,0.0,0.0,0.0,0.0,0.0,0.0,0.25,21.61,9,Josh Allen,QB,BUF
Patrick Mahomes QB - KC,TB,295.37,2.09,0.76,23.05,0.13,0.0,0.0,0.0,0.0,0.0,0.0,0.25,21.24,9,Patrick Mahomes,QB,KC
Lamar Jackson QB - BAL,DEN,224.57,1.64,0.63,53.96,0.31,0.0,0.0,0.0,0.0,0.0,0.0,0.19,21.16,9,Lamar Jackson,QB,BAL
Jalen Hurts QB - PHI,JAX,226.85,1.35,0.68,39.93,0.68,0.0,0.0,0.0,0.0,0.0,0.0,0.18,20.83,9,Jalen Hurts,QB,PHI
Joe Burrow QB - CIN,LV,267.85,1.99,0.75,11.78,0.13,0.0,0.0,0.0,0.0,0.0,0.0,0.25,18.63,9,Joe Burrow,QB,CIN
Anthony Richardson QB - IND,@MIN,196.88,1.12,0.71,47.27,0.55,0.0,0.0,0.0,0.0,0.0,0.0,0.18,18.60,9,Anthony Richardson,QB,IND
Dak Prescott QB - DAL,@ATL,249.42,1.86,0.68,13.82,0.12,0.0,0.0,0.0,0.0,0.0,0.0,0.19,17.78,9,Dak Prescott,QB,DAL
C.J. Stroud QB - HOU,@NYJ,249.28,1.88,0.68,11.09,0.11,0.0,0.0,0.0,0.0,0.0,0.0,0.17,17.56,9,C.J. Stroud,QB,HOU
Jordan Love QB - GB,DET,240.84,1.72,0.74,13.03,0.18,0.0,0.0,0.0,0.0,0.0,0.0,0.18,17.06,9,Jordan Love,QB,GB
Kyler Murray QB - ARI,CHI,215.83,1.24,0.71,30.78,0.29,0.0,0.0,0.0,0.0,0.0,0.0,0.18,16.63,9,Kyler Murray,QB,ARI
Caleb Williams QB - CHI,@ARI,231.47,1.5,0.84,17.48,0.18,0.0,0.0,0.0,0.0,0.0,0.0,0.18,16.05,9,Caleb Williams,QB,CHI
Jared Goff QB - DET,@GB,251.47,1.73,0.66,3.35,0.06,0.0,0.0,0.0,0.0,0.0,0.0,0.18,15.99,9,Jared Goff,QB,DET
Tua Tagovailoa QB - MIA,@BUF,246.53,1.74,0.72,4.3,0.06,0.0,0.0,0.0,0.0,0.0,0.0,0.18,15.81,9,Tua Tagovailoa,QB,MIA
Trevor Lawrence QB - JAX,@PHI,225.79,1.44,0.75,18.45,0.18,0.0,0.0,0.0,0.0,0.0,0.0,0.23,15.76,9,Trevor Lawrence,QB,JAX
Matthew Stafford QB - LAR,@SEA,245.44,1.74,0.84,3.91,0.06,0.0,0.0,0.0,0.0,0.0,0.0,0.18,15.49,9,Matthew Stafford,QB,LAR
Aaron Rodgers QB - NYJ,HOU,234.57,1.63,0.54,5.83,0.06,0.0,0.0,0.0,0.0,0.0,0.0,0.18,15.41,9,Aaron Rodgers,QB,NYJ
Justin Herbert QB - LAC Q,@CLE,223.06,1.46,0.56,11.74,0.17,0.0,0.0,0.0,0.0,0.0,0.0,0.22,15.40,9,Justin Herbert,QB,LAC
Deshaun Watson QB - CLE,LAC,200.58,1.31,0.77,23.17,0.24,0.0,0.0,0.0,0.0,0.0,0.0,0.18,15.12,9,Deshaun Watson,QB,CLE
Jayden Daniels QB - WAS,@NYG,189.39,1.12,0.78,29.56,0.33,0.0,0.0,0.0,0.0,0.0,0.0,0.17,15.09,9,Jayden Daniels,QB,WAS
Geno Smith QB - SEA,LAR,221.01,1.41,0.64,8.78,0.12,0.0,0.0,0.0,0.0,0.0,0.0,0.18,14.44,9,Geno Smith,QB,SEA
Kirk Cousins QB - ATL,DAL,233.28,1.49,0.72,4.4,0.06,0.0,0.0,0.0,0.0,0.0,0.0,0.18,14.29,9,Kirk Cousins,QB,ATL
Will Levis QB - TEN,NE,222.52,1.39,0.81,9.69,0.11,0.0,0.0,0.0,0.0,0.0,0.0,0.17,14.13,9,Will Levis,QB,TEN
Baker Mayfield QB - TB,@KC,209.39,1.33,0.67,10.55,0.11,0.0,0.0,0.0,0.0,0.0,0.0,0.17,13.73,9,Baker Mayfield,QB,TB
Daniel Jones QB - NYG,WAS,171.35,0.98,0.52,23.73,0.17,0.0,0.0,0.0,0.0,0.0,0.0,0.17,12.79,9,Daniel Jones,QB,NYG
Drake Maye QB - NE,@TEN,191.02,1.1,0.72,15.01,0.17,0.0,0.0,0.0,0.0,0.0,0.0,0.17,12.78,9,Drake Maye,QB,NE
Patrick Mahomes QB - KC,DEN,297.79,2.11,0.77,23.24,0.13,0.0,0.0,0.0,0.0,0.0,0.0,0.26,21.40,10,Patrick Mahomes,QB,KC
Josh Allen QB - BUF,@IND,243.31,1.63,0.84,33.06,0.54,0.0,0.0,0.0,0.0,0.0,0.0,0.24,20.64,10,Josh Allen,QB,BUF
Lamar Jackson QB - BAL,CIN,216.27,1.58,0.61,51.97,0.3,0.0,0.0,0.0,0.0,0.0,0.0,0.18,20.39,10,Lamar Jackson,QB,BAL
Jalen Hurts QB - PHI,@DAL,218.25,1.3,0.65,38.42,0.65,0.0,0.0,0.0,0.0,0.0,0.0,0.18,20.01,10,Jalen Hurts,QB,PHI
C.J. Stroud QB - HOU,DET,266.24,2.01,0.73,11.85,0.12,0.0,0.0,0.0,0.0,0.0,0.0,0.18,18.77,10,C.J. Stroud,QB,HOU
Anthony Richardson QB - IND,BUF,195.15,1.11,0.7,46.86,0.54,0.0,0.0,0.0,0.0,0.0,0.0,0.18,18.41,10,Anthony Richardson,QB,IND
Dak Prescott QB - DAL,PHI,251.64,1.9,0.67,13.98,0.12,0.0,0.0,0.0,0.0,0.0,0.0,0.18,18.08,10,Dak Prescott,QB,DAL
Joe Burrow QB - CIN,@BAL,247.8,1.84,0.69,10.9,0.12,0.0,0.0,0.0,0.0,0.0,0.0,0.23,17.24,10,Joe Burrow,QB,CIN
Brock Purdy QB - SF,@TB,240.96,1.8,0.66,10.04,0.12,0.0,0.0,0.0,0.0,0.0,0.0,0.18,16.88,10,Brock Purdy,QB,SF
Justin Herbert QB - LAC Q,TEN,237.41,1.56,0.6,12.49,0.18,0.0,0.0,0.0,0.0,0.0,0.0,0.24,16.39,10,Justin Herbert,QB,LAC
Kyler Murray QB - ARI,NYJ,212.03,1.21,0.69,30.24,0.29,0.0,0.0,0.0,0.0,0.0,0.0,0.17,16.37,10,Kyler Murray,QB,ARI
Trevor Lawrence QB - JAX,MIN,233.87,1.49,0.78,19.11,0.18,0.0,0.0,0.0,0.0,0.0,0.0,0.24,16.27,10,Trevor Lawrence,QB,JAX
Caleb Williams QB - CHI,NE,233.47,1.51,0.85,17.63,0.18,0.0,0.0,0.0,0.0,0.0,0.0,0.18,16.16,10,Caleb Williams,QB,CHI
Jared Goff QB - DET,@HOU,251.47,1.73,0.66,3.35,0.06,0.0,0.0,0.0,0.0,0.0,0.0,0.18,15.99,10,Jared Goff,QB,DET
Tua Tagovailoa QB - MIA,@LAR,243.35,1.72,0.71,4.24,0.06,0.0,0.0,0.0,0.0,0.0,0.0,0.18,15.62,10,Tua Tagovailoa,QB,MIA
Aaron Rodgers QB - NYJ,@ARI,237.6,1.65,0.55,5.9,0.06,0.0,0.0,0.0,0.0,0.0,0.0,0.18,15.59,10,Aaron Rodgers,QB,NYJ
Matthew Stafford QB - LAR,MIA,246.5,1.75,0.84,3.93,0.06,0.0,0.0,0.0,0.0,0.0,0.0,0.18,15.57,10,Matthew Stafford,QB,LAR
Jayden Daniels QB - WAS,PIT,192.01,1.13,0.79,29.96,0.34,0.0,0.0,0.0,0.0,0.0,0.0,0.17,15.32,10,Jayden Daniels,QB,WAS
Baker Mayfield QB - TB,SF,219.85,1.38,0.69,10.88,0.11,0.0,0.0,0.0,0.0,0.0,0.0,0.17,14.34,10,Baker Mayfield,QB,TB
Kirk Cousins QB - ATL,@NO,231.26,1.48,0.71,4.36,0.06,0.0,0.0,0.0,0.0,0.0,0.0,0.18,14.19,10,Kirk Cousins,QB,ATL
Will Levis QB - TEN,@LAC,214.56,1.34,0.78,9.34,0.11,0.0,0.0,0.0,0.0,0.0,0.0,0.17,13.64,10,Will Levis,QB,TEN
Russell Wilson QB - PIT,@WAS,188.56,1.17,0.64,19.53,0.12,0.0,0.0,0.0,0.0,0.0,0.0,0.18,13.26,10,Russell Wilson,QB,PIT
Daniel Jones QB - NYG,@CAR,171.35,0.98,0.52,23.73,0.17,0.0,0.0,0.0,0.0,0.0,0.0,0.17,12.79,10,Daniel Jones,QB,NYG
Drake Maye QB - NE,@CHI,189.23,1.09,0.71,14.87,0.16,0.0,0.0,0.0,0.0,0.0,0.0,0.16,12.64,10,Drake Maye,QB,NE
Derek Carr QB - NO,ATL,209.75,1.26,0.63,3.86,0.06,0.0,0.0,0.0,0.0,0.0,0.0,0.17,12.58,10,Derek Carr,QB,NO
Jalen Hurts QB - PHI,WAS,229.71,1.37,0.68,40.44,0.69,0.0,0.0,0.0,0.0,0.0,0.0,0.19,21.11,11,Jalen Hurts,QB,PHI
Josh Allen QB - BUF,KC,245.39,1.64,0.85,33.34,0.55,0.0,0.0,0.0,0.0,0.0,0.0,0.24,20.83,11,Josh Allen,QB,BUF
Patrick Mahomes QB - KC,@BUF,279.67,1.98,0.72,21.83,0.12,0.0,0.0,0.0,0.0,0.0,0.0,0.24,20.09,11,Patrick Mahomes,QB,KC
Lamar Jackson QB - BAL,@PIT,210.73,1.54,0.59,50.64,0.29,0.0,0.0,0.0,0.0,0.0,0.0,0.18,19.85,11,Lamar Jackson,QB,BAL
Dak Prescott QB - DAL,HOU,255.8,1.91,0.7,14.17,0.13,0.0,0.0,0.0,0.0,0.0,0.0,0.19,18.29,11,Dak Prescott,QB,DAL
C.J. Stroud QB - HOU,@DAL,258.32,1.95,0.71,11.5,0.12,0.0,0.0,0.0,0.0,0.0,0.0,0.18,18.22,11,C.J. Stroud,QB,HOU
Anthony Richardson QB - IND,@NYJ,190.82,1.08,0.68,45.82,0.53,0.0,0.0,0.0,0.0,0.0,0.0,0.17,18.01,11,Anthony Richardson,QB,IND
Joe Burrow QB - CIN,@LAC,256.71,1.9,0.71,11.29,0.12,0.0,0.0,0.0,0.0,0.0,0.0,0.24,17.82,11,Joe Burrow,QB,CIN
Brock Purdy QB - SF,SEA,251.11,1.88,0.69,10.46,0.13,0.0,0.0,0.0,0.0,0.0,0.0,0.19,17.63,11,Brock Purdy,QB,SF
Jared Goff QB - DET,JAX,265.59,1.83,0.69,3.53,0.06,0.0,0.0,0.0,0.0,0.0,0.0,0.19,16.90,11,Jared Goff,QB,DET
Tua Tagovailoa QB - MIA,LV,257.13,1.82,0.75,4.48,0.06,0.0,0.0,0.0,0.0,0.0,0.0,0.19,16.49,11,Tua Tagovailoa,QB,MIA
Trevor Lawrence QB - JAX,@DET,230.84,1.48,0.77,18.86,0.18,0.0,0.0,0.0,0.0,0.0,0.0,0.24,16.10,11,Trevor Lawrence,QB,JAX
Jordan Love QB - GB,@CHI,226.65,1.62,0.69,12.26,0.17,0.0,0.0,0.0,0.0,0.0,0.0,0.17,16.07,11,Jordan Love,QB,GB
Caleb Williams QB - CHI,GB,227.47,1.47,0.82,17.18,0.18,0.0,0.0,0.0,0.0,0.0,0.0,0.18,15.78,11,Caleb Williams,QB,CHI
Justin Herbert QB - LAC Q,CIN,228.18,1.5,0.58,12.01,0.17,0.0,0.0,0.0,0.0,0.0,0.0,0.23,15.73,11,Justin Herbert,QB,LAC
Aaron Rodgers QB - NYJ,IND,238.61,1.65,0.55,5.93,0.06,0.0,0.0,0.0,0.0,0.0,0.0,0.18,15.64,11,Aaron Rodgers,QB,NYJ
Matthew Stafford QB - LAR,@NE,246.5,1.75,0.84,3.93,0.06,0.0,0.0,0.0,0.0,0.0,0.0,0.18,15.57,11,Matthew Stafford,QB,LAR
Jayden Daniels QB - WAS,@PHI,186.78,1.1,0.77,29.15,0.33,0.0,0.0,0.0,0.0,0.0,0.0,0.16,14.91,11,Jayden Daniels,QB,WAS
Deshaun Watson QB - CLE,@NO,196.21,1.28,0.76,22.66,0.23,0.0,0.0,0.0,0.0,0.0,0.0,0.17,14.75,11,Deshaun Watson,QB,CLE
Kirk Cousins QB - ATL,@DEN,234.29,1.5,0.72,4.41,0.06,0.0,0.0,0.0,0.0,0.0,0.0,0.18,14.37,11,Kirk Cousins,QB,ATL
Will Levis QB - TEN,MIN,220.53,1.38,0.8,9.6,0.11,0.0,0.0,0.0,0.0,0.0,0.0,0.17,14.02,11,Will Levis,QB,TEN
Geno Smith QB - SEA,@SF,206.37,1.31,0.6,8.2,0.06,0.0,0.0,0.0,0.0,0.0,0.0,0.16,13.15,11,Geno Smith,QB,SEA
Drake Maye QB - NE,LAR,194.6,1.12,0.73,15.29,0.17,0.0,0.0,0.0,0.0,0.0,0.0,0.17,13.01,11,Drake Maye,QB,NE
Russell Wilson QB - PIT,BAL,180.24,1.12,0.62,18.67,0.11,0.0,0.0,0.0,0.0,0.0,0.0,0.17,12.64,11,Russell Wilson,QB,PIT
Gardner Minshew QB - LV,@MIA,210.09,1.14,0.76,6.83,0.09,0.0,0.0,0.0,0.0,0.0,0.0,0.15,12.37,11,Gardner Minshew,QB,LV
Patrick Mahomes QB - KC,@CAR,291.75,2.06,0.75,22.77,0.13,0.0,0.0,0.0,0.0,0.0,0.0,0.25,20.97,12,Patrick Mahomes,QB,KC
Lamar Jackson QB - BAL,@LAC,217.19,1.58,0.61,52.19,0.3,0.0,0.0,0.0,0.0,0.0,0.0,0.18,20.45,12,Lamar Jackson,QB,BAL
Jalen Hurts QB - PHI,@LAR,219.2,1.31,0.65,38.59,0.65,0.0,0.0,0.0,0.0,0.0,0.0,0.18,20.11,12,Jalen Hurts,QB,PHI
C.J. Stroud QB - HOU,TEN,273.02,2.06,0.75,12.15,0.12,0.0,0.0,0.0,0.0,0.0,0.0,0.19,19.22,12,C.J. Stroud,QB,HOU
Anthony Richardson QB - IND,DET,196.01,1.11,0.7,47.06,0.54,0.0,0.0,0.0,0.0,0.0,0.0,0.18,18.47,12,Anthony Richardson,QB,IND
Dak Prescott QB - DAL,@WAS,249.42,1.86,0.68,13.82,0.12,0.0,0.0,0.0,0.0,0.0,0.0,0.19,17.78,12,Dak Prescott,QB,DAL
Brock Purdy QB - SF,@GB,238.93,1.79,0.66,9.95,0.12,0.0,0.0,0.0,0.0,0.0,0.0,0.18,16.75,12,Brock Purdy,QB,SF
Jared Goff QB - DET,@IND,256.9,1.77,0.67,3.42,0.06,0.0,0.0,0.0,0.0,0.0,0.0,0.18,16.36,12,Jared Goff,QB,DET
Tua Tagovailoa QB - MIA,NE,255.01,1.8,0.75,4.44,0.06,0.0,0.0,0.0,0.0,0.0,0.0,0.19,16.32,12,Tua Tagovailoa,QB,MIA
Kyler Murray QB - ARI,@SEA,211.09,1.21,0.69,30.1,0.29,0.0,0.0,0.0,0.0,0.0,0.0,0.17,16.31,12,Kyler Murray,QB,ARI
Jordan Love QB - GB,SF,228.67,1.63,0.7,12.37,0.17,0.0,0.0,0.0,0.0,0.0,0.0,0.17,16.18,12,Jordan Love,QB,GB
Caleb Williams QB - CHI,MIN,232.47,1.5,0.84,17.55,0.18,0.0,0.0,0.0,0.0,0.0,0.0,0.18,16.09,12,Caleb Williams,QB,CHI
Justin Herbert QB - LAC Q,BAL,231.26,1.52,0.58,12.17,0.17,0.0,0.0,0.0,0.0,0.0,0.0,0.23,15.95,12,Justin Herbert,QB,LAC
Jayden Daniels QB - WAS,DAL,193.75,1.14,0.8,30.23,0.34,0.0,0.0,0.0,0.0,0.0,0.0,0.17,15.43,12,Jayden Daniels,QB,WAS
Matthew Stafford QB - LAR,PHI,244.39,1.73,0.84,3.89,0.06,0.0,0.0,0.0,0.0,0.0,0.0,0.18,15.40,12,Matthew Stafford,QB,LAR
Deshaun Watson QB - CLE,PIT,200.58,1.31,0.77,23.17,0.24,0.0,0.0,0.0,0.0,0.0,0.0,0.18,15.12,12,Deshaun Watson,QB,CLE
Geno Smith QB - SEA,ARI,228.81,1.46,0.67,9.09,0.12,0.0,0.0,0.0,0.0,0.0,0.0,0.18,14.92,12,Geno Smith,QB,SEA
Baker Mayfield QB - TB,@NYG,219.07,1.39,0.7,11.04,0.11,0.0,0.0,0.0,0.0,0.0,0.0,0.17,14.35,12,Baker Mayfield,QB,TB
Will Levis QB - TEN,@HOU,216.55,1.35,0.79,9.43,0.11,0.0,0.0,0.0,0.0,0.0,0.0,0.17,13.75,12,Will Levis,QB,TEN
Gardner Minshew QB - LV,DEN,217.78,1.18,0.79,7.08,0.09,0.0,0.0,0.0,0.0,0.0,0.0,0.15,12.80,12,Gardner Minshew,QB,LV
Drake Maye QB - NE,@MIA,190.13,1.1,0.71,14.94,0.17,0.0,0.0,0.0,0.0,0.0,0.0,0.16,12.78,12,Drake Maye,QB,NE
Russell Wilson QB - PIT,@CLE,181.07,1.13,0.62,18.75,0.11,0.0,0.0,0.0,0.0,0.0,0.0,0.17,12.72,12,Russell Wilson,QB,PIT
Daniel Jones QB - NYG,TB,168.28,0.92,0.52,23.62,0.17,0.0,0.0,0.0,0.0,0.0,0.0,0.17,12.41,12,Daniel Jones,QB,NYG
Bryce Young QB - CAR,KC,191.72,1.1,0.77,12.61,0.11,0.0,0.0,0.0,0.0,0.0,0.0,0.17,12.11,12,Bryce Young,QB,CAR
Bo Nix QB - DEN,@LV,149.76,0.87,0.58,17.77,0.14,0.0,0.0,0.0,0.0,0.0,0.0,0.14,10.65,12,Bo Nix,QB,DEN
Patrick Mahomes QB - KC,LV,291.75,2.06,0.75,22.77,0.13,0.0,0.0,0.0,0.0,0.0,0.0,0.25,20.97,13,Patrick Mahomes,QB,KC
Lamar Jackson QB - BAL,PHI,219.03,1.6,0.61,52.63,0.31,0.0,0.0,0.0,0.0,0.0,0.0,0.18,20.70,13,Lamar Jackson,QB,BAL
Josh Allen QB - BUF,SF,236.01,1.58,0.82,32.07,0.52,0.0,0.0,0.0,0.0,0.0,0.0,0.23,19.99,13,Josh Allen,QB,BUF
Jalen Hurts QB - PHI,@BAL,211.56,1.26,0.63,37.24,0.63,0.0,0.0,0.0,0.0,0.0,0.0,0.17,19.41,13,Jalen Hurts,QB,PHI
Anthony Richardson QB - IND,@NE,197.74,1.12,0.71,47.48,0.55,0.0,0.0,0.0,0.0,0.0,0.0,0.18,18.66,13,Anthony Richardson,QB,IND
Dak Prescott QB - DAL,NYG,258.99,1.93,0.71,14.35,0.13,0.0,0.0,0.0,0.0,0.0,0.0,0.19,18.49,13,Dak Prescott,QB,DAL
Joe Burrow QB - CIN,PIT,262.28,1.95,0.73,11.53,0.12,0.0,0.0,0.0,0.0,0.0,0.0,0.24,18.22,13,Joe Burrow,QB,CIN
C.J. Stroud QB - HOU,@JAX,258.32,1.95,0.71,11.5,0.12,0.0,0.0,0.0,0.0,0.0,0.0,0.18,18.22,13,C.J. Stroud,QB,HOU
Jordan Love QB - GB,MIA,242.87,1.73,0.74,13.14,0.18,0.0,0.0,0.0,0.0,0.0,0.0,0.19,17.17,13,Jordan Love,QB,GB
Jared Goff QB - DET,CHI,265.59,1.83,0.69,3.53,0.06,0.0,0.0,0.0,0.0,0.0,0.0,0.19,16.90,13,Jared Goff,QB,DET
Brock Purdy QB - SF,@BUF,237.92,1.78,0.65,9.91,0.12,0.0,0.0,0.0,0.0,0.0,0.0,0.18,16.69,13,Brock Purdy,QB,SF
Kyler Murray QB - ARI,@MIN,212.98,1.22,0.7,30.37,0.29,0.0,0.0,0.0,0.0,0.0,0.0,0.17,16.44,13,Kyler Murray,QB,ARI
Trevor Lawrence QB - JAX,HOU,234.88,1.5,0.78,19.19,0.18,0.0,0.0,0.0,0.0,0.0,0.0,0.24,16.35,13,Trevor Lawrence,QB,JAX
Jayden Daniels QB - WAS,TEN,202.46,1.19,0.83,31.59,0.36,0.0,0.0,0.0,0.0,0.0,0.0,0.18,16.16,13,Jayden Daniels,QB,WAS
Justin Herbert QB - LAC Q,@ATL,232.29,1.52,0.59,12.22,0.17,0.0,0.0,0.0,0.0,0.0,0.0,0.23,15.97,13,Justin Herbert,QB,LAC
Caleb Williams QB - CHI,@DET,228.47,1.48,0.83,17.25,0.18,0.0,0.0,0.0,0.0,0.0,0.0,0.18,15.84,13,Caleb Williams,QB,CHI
Aaron Rodgers QB - NYJ,SEA,240.63,1.67,0.56,5.98,0.06,0.0,0.0,0.0,0.0,0.0,0.0,0.19,15.76,13,Aaron Rodgers,QB,NYJ
Matthew Stafford QB - LAR,@NO,245.44,1.74,0.84,3.91,0.06,0.0,0.0,0.0,0.0,0.0,0.0,0.18,15.49,13,Matthew Stafford,QB,LAR
Tua Tagovailoa QB - MIA,@GB,241.23,1.7,0.71,4.2,0.06,0.0,0.0,0.0,0.0,0.0,0.0,0.18,15.45,13,Tua Tagovailoa,QB,MIA
Deshaun Watson QB - CLE,@DEN,200.58,1.31,0.77,23.17,0.24,0.0,0.0,0.0,0.0,0.0,0.0,0.18,15.12,13,Deshaun Watson,QB,CLE
Kirk Cousins QB - ATL,LAC,239.35,1.53,0.73,4.51,0.06,0.0,0.0,0.0,0.0,0.0,0.0,0.18,14.69,13,Kirk Cousins,QB,ATL
Will Levis QB - TEN,@WAS,225.51,1.41,0.82,9.82,0.12,0.0,0.0,0.0,0.0,0.0,0.0,0.18,14.36,13,Will Levis,QB,TEN
Baker Mayfield QB - TB,@CAR,219.07,1.39,0.7,11.04,0.11,0.0,0.0,0.0,0.0,0.0,0.0,0.17,14.35,13,Baker Mayfield,QB,TB
Geno Smith QB - SEA,@NYJ,215.15,1.37,0.63,8.55,0.12,0.0,0.0,0.0,0.0,0.0,0.0,0.17,14.06,13,Geno Smith,QB,SEA
Drake Maye QB - NE,IND,197.28,1.14,0.74,15.5,0.17,0.0,0.0,0.0,0.0,0.0,0.0,0.17,13.20,13,Drake Maye,QB,NE
Jalen Hurts QB - PHI,CAR,230.67,1.37,0.69,40.61,0.69,0.0,0.0,0.0,0.0,0.0,0.0,0.19,21.15,14,Jalen Hurts,QB,PHI
Josh Allen QB - BUF,@LAR,244.35,1.64,0.85,33.2,0.54,0.0,0.0,0.0,0.0,0.0,0.0,0.24,20.71,14,Josh Allen,QB,BUF
Patrick Mahomes QB - KC,LAC,288.12,2.04,0.74,22.49,0.12,0.0,0.0,0.0,0.0,0.0,0.0,0.25,20.67,14,Patrick Mahomes,QB,KC
Dak Prescott QB - DAL,CIN,250.48,1.87,0.68,13.88,0.13,0.0,0.0,0.0,0.0,0.0,0.0,0.19,17.93,14,Dak Prescott,QB,DAL
Joe Burrow QB - CIN,@DAL,257.83,1.91,0.72,11.34,0.12,0.0,0.0,0.0,0.0,0.0,0.0,0.24,17.89,14,Joe Burrow,QB,CIN
Brock Purdy QB - SF,CHI,246.03,1.84,0.67,10.25,0.13,0.0,0.0,0.0,0.0,0.0,0.0,0.18,17.31,14,Brock Purdy,QB,SF
Kyler Murray QB - ARI,SEA,218.68,1.25,0.72,31.18,0.3,0.0,0.0,0.0,0.0,0.0,0.0,0.18,16.87,14,Kyler Murray,QB,ARI
Jared Goff QB - DET,GB,257.99,1.78,0.67,3.43,0.06,0.0,0.0,0.0,0.0,0.0,0.0,0.18,16.44,14,Jared Goff,QB,DET
Jordan Love QB - GB,@DET,230.7,1.64,0.7,12.48,0.17,0.0,0.0,0.0,0.0,0.0,0.0,0.18,16.30,14,Jordan Love,QB,GB
Trevor Lawrence QB - JAX,@TEN,231.85,1.48,0.77,18.94,0.18,0.0,0.0,0.0,0.0,0.0,0.0,0.24,16.15,14,Trevor Lawrence,QB,JAX
Tua Tagovailoa QB - MIA,NYJ,249.71,1.76,0.73,4.35,0.06,0.0,0.0,0.0,0.0,0.0,0.0,0.18,16.00,14,Tua Tagovailoa,QB,MIA
Matthew Stafford QB - LAR,BUF,243.33,1.73,0.83,3.88,0.06,0.0,0.0,0.0,0.0,0.0,0.0,0.18,15.38,14,Matthew Stafford,QB,LAR
Caleb Williams QB - CHI,@SF,220.47,1.43,0.8,16.65,0.17,0.0,0.0,0.0,0.0,0.0,0.0,0.17,15.28,14,Caleb Williams,QB,CHI
Aaron Rodgers QB - NYJ,@MIA,229.53,1.59,0.53,5.7,0.06,0.0,0.0,0.0,0.0,0.0,0.0,0.18,15.05,14,Aaron Rodgers,QB,NYJ
Justin Herbert QB - LAC Q,@KC,217.93,1.43,0.55,11.47,0.16,0.0,0.0,0.0,0.0,0.0,0.0,0.22,15.00,14,Justin Herbert,QB,LAC
Deshaun Watson QB - CLE,@PIT,193.58,1.26,0.74,22.36,0.23,0.0,0.0,0.0,0.0,0.0,0.0,0.17,14.58,14,Deshaun Watson,QB,CLE
Geno Smith QB - SEA,@ARI,221.01,1.41,0.64,8.78,0.12,0.0,0.0,0.0,0.0,0.0,0.0,0.18,14.44,14,Geno Smith,QB,SEA
Baker Mayfield QB - TB,LV,220.03,1.4,0.7,11.09,0.11,0.0,0.0,0.0,0.0,0.0,0.0,0.17,14.43,14,Baker Mayfield,QB,TB
Kirk Cousins QB - ATL,@MIN,231.26,1.48,0.71,4.36,0.06,0.0,0.0,0.0,0.0,0.0,0.0,0.18,14.19,14,Kirk Cousins,QB,ATL
Will Levis QB - TEN,JAX,222.52,1.39,0.81,9.69,0.11,0.0,0.0,0.0,0.0,0.0,0.0,0.17,14.13,14,Will Levis,QB,TEN
Russell Wilson QB - PIT,CLE,187.73,1.17,0.64,19.44,0.12,0.0,0.0,0.0,0.0,0.0,0.0,0.17,13.23,14,Russell Wilson,QB,PIT
Gardner Minshew QB - LV,@TB,212.97,1.15,0.77,6.92,0.09,0.0,0.0,0.0,0.0,0.0,0.0,0.15,12.51,14,Gardner Minshew,QB,LV
Derek Carr QB - NO,@NYG,207.86,1.25,0.63,3.83,0.06,0.0,0.0,0.0,0.0,0.0,0.0,0.17,12.46,14,Derek Carr,QB,NO
Daniel Jones QB - NYG,NO,165.98,0.95,0.5,22.98,0.17,0.0,0.0,0.0,0.0,0.0,0.0,0.17,12.42,14,Daniel Jones,QB,NYG
Bryce Young QB - CAR,@PHI,189.93,1.09,0.77,12.49,0.11,0.0,0.0,0.0,0.0,0.0,0.0,0.16,12.01,14,Bryce Young,QB,CAR
Lamar Jackson QB - BAL,@NYG,219.03,1.6,0.61,52.63,0.31,0.0,0.0,0.0,0.0,0.0,0.0,0.18,20.70,15,Lamar Jackson,QB,BAL
Josh Allen QB - BUF,@DET,243.31,1.63,0.84,33.06,0.54,0.0,0.0,0.0,0.0,0.0,0.0,0.24,20.64,15,Josh Allen,QB,BUF
Patrick Mahomes QB - KC,@CLE,284.5,2.01,0.73,22.21,0.12,0.0,0.0,0.0,0.0,0.0,0.0,0.24,20.42,15,Patrick Mahomes,QB,KC
Jalen Hurts QB - PHI,PIT,222.07,1.32,0.66,39.09,0.66,0.0,0.0,0.0,0.0,0.0,0.0,0.18,20.35,15,Jalen Hurts,QB,PHI
C.J. Stroud QB - HOU,MIA,271.89,2.05,0.75,12.1,0.12,0.0,0.0,0.0,0.0,0.0,0.0,0.19,19.13,15,C.J. Stroud,QB,HOU
Anthony Richardson QB - IND,@DEN,199.47,1.13,0.71,47.9,0.55,0.0,0.0,0.0,0.0,0.0,0.0,0.18,18.81,15,Anthony Richardson,QB,IND
Joe Burrow QB - CIN,@TEN,264.51,1.96,0.74,11.63,0.12,0.0,0.0,0.0,0.0,0.0,0.0,0.25,18.32,15,Joe Burrow,QB,CIN
Dak Prescott QB - DAL,@CAR,252.61,1.88,0.69,13.99,0.13,0.0,0.0,0.0,0.0,0.0,0.0,0.19,18.04,15,Dak Prescott,QB,DAL
Brock Purdy QB - SF,LAR,247.05,1.85,0.68,10.29,0.13,0.0,0.0,0.0,0.0,0.0,0.0,0.19,17.35,15,Brock Purdy,QB,SF
Kyler Murray QB - ARI,NE,219.62,1.26,0.72,31.32,0.3,0.0,0.0,0.0,0.0,0.0,0.0,0.18,16.96,15,Kyler Murray,QB,ARI
Jordan Love QB - GB,@SEA,235.77,1.68,0.72,12.75,0.18,0.0,0.0,0.0,0.0,0.0,0.0,0.18,16.71,15,Jordan Love,QB,GB
Jared Goff QB - DET,BUF,262.33,1.81,0.69,3.49,0.06,0.0,0.0,0.0,0.0,0.0,0.0,0.19,16.68,15,Jared Goff,QB,DET
Justin Herbert QB - LAC Q,TB,233.31,1.53,0.59,12.28,0.17,0.0,0.0,0.0,0.0,0.0,0.0,0.24,16.04,15,Justin Herbert,QB,LAC
Trevor Lawrence QB - JAX,NYJ,228.82,1.46,0.76,18.69,0.18,0.0,0.0,0.0,0.0,0.0,0.0,0.23,15.96,15,Trevor Lawrence,QB,JAX
Caleb Williams QB - CHI,@MIN,230.47,1.49,0.84,17.4,0.18,0.0,0.0,0.0,0.0,0.0,0.0,0.18,15.96,15,Caleb Williams,QB,CHI
Tua Tagovailoa QB - MIA,@HOU,244.41,1.73,0.71,4.26,0.06,0.0,0.0,0.0,0.0,0.0,0.0,0.18,15.70,15,Tua Tagovailoa,QB,MIA
Aaron Rodgers QB - NYJ,@JAX,232.56,1.61,0.54,5.78,0.06,0.0,0.0,0.0,0.0,0.0,0.0,0.18,15.24,15,Aaron Rodgers,QB,NYJ
Jayden Daniels QB - WAS,@NO,186.78,1.1,0.77,29.15,0.33,0.0,0.0,0.0,0.0,0.0,0.0,0.16,14.91,15,Jayden Daniels,QB,WAS
Deshaun Watson QB - CLE,KC,195.33,1.27,0.75,22.56,0.23,0.0,0.0,0.0,0.0,0.0,0.0,0.17,14.69,15,Deshaun Watson,QB,CLE
Geno Smith QB - SEA,GB,222.96,1.42,0.65,8.86,0.12,0.0,0.0,0.0,0.0,0.0,0.0,0.18,14.54,15,Geno Smith,QB,SEA
Matthew Stafford QB - LAR,@SF,229.61,1.63,0.79,3.66,0.05,0.0,0.0,0.0,0.0,0.0,0.0,0.17,14.45,15,Matthew Stafford,QB,LAR
Kirk Cousins QB - ATL,@LV,232.27,1.48,0.71,4.38,0.06,0.0,0.0,0.0,0.0,0.0,0.0,0.18,14.23,15,Kirk Cousins,QB,ATL
Baker Mayfield QB - TB,@LAC,213.9,1.34,0.67,10.58,0.11,0.0,0.0,0.0,0.0,0.0,0.0,0.17,13.95,15,Baker Mayfield,QB,TB
Will Levis QB - TEN,CIN,218.54,1.36,0.8,9.51,0.11,0.0,0.0,0.0,0.0,0.0,0.0,0.17,13.85,15,Will Levis,QB,TEN
Drake Maye QB - NE,@ARI,194.6,1.12,0.73,15.29,0.17,0.0,0.0,0.0,0.0,0.0,0.0,0.17,13.01,15,Drake Maye,QB,NE
Josh Allen QB - BUF,NE,252.69,1.69,0.88,34.33,0.56,0.0,0.0,0.0,0.0,0.0,0.0,0.25,21.40,16,Josh Allen,QB,BUF
Patrick Mahomes QB - KC,HOU,289.33,2.05,0.74,22.58,0.13,0.0,0.0,0.0,0.0,0.0,0.0,0.25,20.83,16,Patrick Mahomes,QB,KC
Jalen Hurts QB - PHI,@WAS,222.07,1.32,0.66,39.09,0.66,0.0,0.0,0.0,0.0,0.0,0.0,0.18,20.35,16,Jalen Hurts,QB,PHI
Lamar Jackson QB - BAL,PIT,215.34,1.57,0.6,51.74,0.3,0.0,0.0,0.0,0.0,0.0,0.0,0.18,20.31,16,Lamar Jackson,QB,BAL
Anthony Richardson QB - IND,TEN,203.8,1.16,0.73,48.94,0.56,0.0,0.0,0.0,0.0,0.0,0.0,0.18,19.23,16,Anthony Richardson,QB,IND
Joe Burrow QB - CIN,CLE,261.17,1.94,0.73,11.48,0.12,0.0,0.0,0.0,0.0,0.0,0.0,0.24,18.13,16,Joe Burrow,QB,CIN
Dak Prescott QB - DAL,TB,253.67,1.89,0.69,14.05,0.13,0.0,0.0,0.0,0.0,0.0,0.0,0.19,18.13,16,Dak Prescott,QB,DAL
C.J. Stroud QB - HOU,@KC,250.41,1.89,0.69,11.14,0.11,0.0,0.0,0.0,0.0,0.0,0.0,0.17,17.63,16,C.J. Stroud,QB,HOU
Jordan Love QB - GB,NO,239.83,1.71,0.73,12.97,0.18,0.0,0.0,0.0,0.0,0.0,0.0,0.18,16.99,16,Jordan Love,QB,GB
Kyler Murray QB - ARI,@CAR,217.73,1.25,0.71,31.05,0.3,0.0,0.0,0.0,0.0,0.0,0.0,0.18,16.83,16,Kyler Murray,QB,ARI
Brock Purdy QB - SF,@MIA,239.95,1.79,0.66,9.99,0.12,0.0,0.0,0.0,0.0,0.0,0.0,0.18,16.80,16,Brock Purdy,QB,SF
Justin Herbert QB - LAC Q,DEN,236.39,1.55,0.6,12.44,0.18,0.0,0.0,0.0,0.0,0.0,0.0,0.24,16.30,16,Justin Herbert,QB,LAC
Trevor Lawrence QB - JAX,@LV,231.85,1.48,0.77,18.94,0.18,0.0,0.0,0.0,0.0,0.0,0.0,0.24,16.15,16,Trevor Lawrence,QB,JAX
Jared Goff QB - DET,@CHI,252.56,1.74,0.66,3.36,0.06,0.0,0.0,0.0,0.0,0.0,0.0,0.18,16.08,16,Jared Goff,QB,DET
Caleb Williams QB - CHI,DET,228.47,1.48,0.83,17.25,0.18,0.0,0.0,0.0,0.0,0.0,0.0,0.18,15.84,16,Caleb Williams,QB,CHI
Tua Tagovailoa QB - MIA,SF,246.53,1.74,0.72,4.3,0.06,0.0,0.0,0.0,0.0,0.0,0.0,0.18,15.81,16,Tua Tagovailoa,QB,MIA
Aaron Rodgers QB - NYJ,LAR,239.62,1.66,0.55,5.95,0.06,0.0,0.0,0.0,0.0,0.0,0.0,0.18,15.72,16,Aaron Rodgers,QB,NYJ
Jayden Daniels QB - WAS,PHI,192.01,1.13,0.79,29.96,0.34,0.0,0.0,0.0,0.0,0.0,0.0,0.17,15.32,16,Jayden Daniels,QB,WAS
Matthew Stafford QB - LAR,@NYJ,238.05,1.69,0.82,3.79,0.06,0.0,0.0,0.0,0.0,0.0,0.0,0.17,15.04,16,Matthew Stafford,QB,LAR
Geno Smith QB - SEA,MIN,225.89,1.44,0.66,8.98,0.12,0.0,0.0,0.0,0.0,0.0,0.0,0.18,14.73,16,Geno Smith,QB,SEA
Kirk Cousins QB - ATL,NYG,237.33,1.52,0.73,4.47,0.06,0.0,0.0,0.0,0.0,0.0,0.0,0.18,14.56,16,Kirk Cousins,QB,ATL
Deshaun Watson QB - CLE,@CIN,192.71,1.26,0.74,22.26,0.23,0.0,0.0,0.0,0.0,0.0,0.0,0.17,14.53,16,Deshaun Watson,QB,CLE
Baker Mayfield QB - TB,@DAL,218.86,1.37,0.69,10.83,0.11,0.0,0.0,0.0,0.0,0.0,0.0,0.17,14.26,16,Baker Mayfield,QB,TB
Will Levis QB - TEN,@IND,218.54,1.36,0.8,9.51,0.11,0.0,0.0,0.0,0.0,0.0,0.0,0.17,13.85,16,Will Levis,QB,TEN
Bryce Young QB - CAR,ARI,202.5,1.17,0.82,13.32,0.12,0.0,0.0,0.0,0.0,0.0,0.0,0.18,12.83,16,Bryce Young,QB,CAR
Josh Allen QB - BUF,NYJ,242.27,1.62,0.84,32.92,0.54,0.0,0.0,0.0,0.0,0.0,0.0,0.24,20.54,17,Josh Allen,QB,BUF
Jalen Hurts QB - PHI,DAL,223.98,1.33,0.67,39.43,0.67,0.0,0.0,0.0,0.0,0.0,0.0,0.18,20.54,17,Jalen Hurts,QB,PHI
Lamar Jackson QB - BAL,@HOU,214.42,1.56,0.6,51.52,0.3,0.0,0.0,0.0,0.0,0.0,0.0,0.18,20.21,17,Lamar Jackson,QB,BAL
Patrick Mahomes QB - KC,@PIT,277.25,1.96,0.71,21.64,0.12,0.0,0.0,0.0,0.0,0.0,0.0,0.24,19.91,17,Patrick Mahomes,QB,KC
Joe Burrow QB - CIN,DEN,271.19,2.01,0.75,11.92,0.13,0.0,0.0,0.0,0.0,0.0,0.0,0.25,18.86,17,Joe Burrow,QB,CIN
Anthony Richardson QB - IND,@NYG,196.88,1.12,0.71,47.27,0.55,0.0,0.0,0.0,0.0,0.0,0.0,0.18,18.60,17,Anthony Richardson,QB,IND
C.J. Stroud QB - HOU,BAL,256.06,1.93,0.7,11.4,0.12,0.0,0.0,0.0,0.0,0.0,0.0,0.18,18.06,17,C.J. Stroud,QB,HOU
Brock Purdy QB - SF,DET,248.06,1.86,0.68,10.33,0.13,0.0,0.0,0.0,0.0,0.0,0.0,0.19,17.44,17,Brock Purdy,QB,SF
Dak Prescott QB - DAL,@PHI,240.91,1.79,0.66,13.34,0.12,0.0,0.0,0.0,0.0,0.0,0.0,0.18,17.17,17,Dak Prescott,QB,DAL
Trevor Lawrence QB - JAX,TEN,238.92,1.53,0.79,19.52,0.19,0.0,0.0,0.0,0.0,0.0,0.0,0.24,16.71,17,Trevor Lawrence,QB,JAX
Jordan Love QB - GB,@MIN,234.76,1.67,0.72,12.7,0.18,0.0,0.0,0.0,0.0,0.0,0.0,0.18,16.62,17,Jordan Love,QB,GB
Matthew Stafford QB - LAR,ARI,258.11,1.83,0.88,4.11,0.06,0.0,0.0,0.0,0.0,0.0,0.0,0.19,16.28,17,Matthew Stafford,QB,LAR
Caleb Williams QB - CHI,SEA,234.47,1.52,0.85,17.7,0.18,0.0,0.0,0.0,0.0,0.0,0.0,0.18,16.25,17,Caleb Williams,QB,CHI
Kyler Murray QB - ARI,@LAR,209.19,1.2,0.68,29.83,0.28,0.0,0.0,0.0,0.0,0.0,0.0,0.17,16.13,17,Kyler Murray,QB,ARI
Justin Herbert QB - LAC Q,@NE,229.21,1.5,0.58,12.06,0.17,0.0,0.0,0.0,0.0,0.0,0.0,0.23,15.77,17,Justin Herbert,QB,LAC
Jared Goff QB - DET,@SF,246.04,1.7,0.64,3.27,0.06,0.0,0.0,0.0,0.0,0.0,0.0,0.18,15.69,17,Jared Goff,QB,DET
Jayden Daniels QB - WAS,ATL,195.49,1.15,0.81,30.51,0.34,0.0,0.0,0.0,0.0,0.0,0.0,0.17,15.55,17,Jayden Daniels,QB,WAS
Deshaun Watson QB - CLE,MIA,200.58,1.31,0.77,23.17,0.24,0.0,0.0,0.0,0.0,0.0,0.0,0.18,15.12,17,Deshaun Watson,QB,CLE
Tua Tagovailoa QB - MIA,@CLE,234.87,1.66,0.69,4.09,0.06,0.0,0.0,0.0,0.0,0.0,0.0,0.17,15.08,17,Tua Tagovailoa,QB,MIA
Baker Mayfield QB - TB,CAR,230.77,1.44,0.72,11.42,0.12,0.0,0.0,0.0,0.0,0.0,0.0,0.18,15.05,17,Baker Mayfield,QB,TB
Aaron Rodgers QB - NYJ,@BUF,224.49,1.56,0.52,5.57,0.06,0.0,0.0,0.0,0.0,0.0,0.0,0.17,14.76,17,Aaron Rodgers,QB,NYJ
Kirk Cousins QB - ATL,@WAS,235.31,1.5,0.72,4.43,0.06,0.0,0.0,0.0,0.0,0.0,0.0,0.18,14.42,17,Kirk Cousins,QB,ATL
Geno Smith QB - SEA,@CHI,215.15,1.37,0.63,8.55,0.12,0.0,0.0,0.0,0.0,0.0,0.0,0.17,14.06,17,Geno Smith,QB,SEA
Will Levis QB - TEN,@JAX,219.54,1.37,0.8,9.56,0.11,0.0,0.0,0.0,0.0,0.0,0.0,0.17,13.94,17,Will Levis,QB,TEN
Derek Carr QB - NO,LV,214.46,1.29,0.65,3.95,0.06,0.0,0.0,0.0,0.0,0.0,0.0,0.18,12.83,17,Derek Carr,QB,NO
Josh Allen QB - BUF,@NE,242.27,1.62,0.84,32.92,0.54,0.0,0.0,0.0,0.0,0.0,0.0,0.24,20.54,18,Josh Allen,QB,BUF
Lamar Jackson QB - BAL,CLE,216.27,1.58,0.61,51.97,0.3,0.0,0.0,0.0,0.0,0.0,0.0,0.18,20.39,18,Lamar Jackson,QB,BAL
Jalen Hurts QB - PHI,NYG,222.07,1.32,0.66,39.09,0.66,0.0,0.0,0.0,0.0,0.0,0.0,0.18,20.35,18,Jalen Hurts,QB,PHI
Patrick Mahomes QB - KC,@DEN,277.25,1.96,0.71,21.64,0.12,0.0,0.0,0.0,0.0,0.0,0.0,0.24,19.91,18,Patrick Mahomes,QB,KC
Anthony Richardson QB - IND,JAX,202.07,1.15,0.72,48.52,0.56,0.0,0.0,0.0,0.0,0.0,0.0,0.18,19.09,18,Anthony Richardson,QB,IND
C.J. Stroud QB - HOU,@TEN,262.85,1.99,0.72,11.7,0.12,0.0,0.0,0.0,0.0,0.0,0.0,0.18,18.56,18,C.J. Stroud,QB,HOU
Dak Prescott QB - DAL,WAS,255.8,1.91,0.7,14.17,0.13,0.0,0.0,0.0,0.0,0.0,0.0,0.19,18.29,18,Dak Prescott,QB,DAL
Joe Burrow QB - CIN,@PIT,251.14,1.86,0.7,11.04,0.12,0.0,0.0,0.0,0.0,0.0,0.0,0.23,17.45,18,Joe Burrow,QB,CIN
Jordan Love QB - GB,CHI,237.8,1.7,0.73,12.86,0.18,0.0,0.0,0.0,0.0,0.0,0.0,0.18,16.86,18,Jordan Love,QB,GB
Jared Goff QB - DET,MIN,262.33,1.81,0.69,3.49,0.06,0.0,0.0,0.0,0.0,0.0,0.0,0.19,16.68,18,Jared Goff,QB,DET
Brock Purdy QB - SF,@ARI,233.86,1.75,0.64,9.74,0.12,0.0,0.0,0.0,0.0,0.0,0.0,0.18,16.41,18,Brock Purdy,QB,SF
Matthew Stafford QB - LAR,SEA,254.95,1.81,0.87,4.06,0.06,0.0,0.0,0.0,0.0,0.0,0.0,0.19,16.08,18,Matthew Stafford,QB,LAR
Justin Herbert QB - LAC Q,@LV,231.26,1.52,0.58,12.17,0.17,0.0,0.0,0.0,0.0,0.0,0.0,0.23,15.95,18,Justin Herbert,QB,LAC
Trevor Lawrence QB - JAX,@IND,227.81,1.46,0.76,18.61,0.18,0.0,0.0,0.0,0.0,0.0,0.0,0.23,15.91,18,Trevor Lawrence,QB,JAX
Kyler Murray QB - ARI,SF,203.5,1.17,0.67,29.02,0.28,0.0,0.0,0.0,0.0,0.0,0.0,0.17,15.72,18,Kyler Murray,QB,ARI
Aaron Rodgers QB - NYJ,MIA,234.57,1.63,0.54,5.83,0.06,0.0,0.0,0.0,0.0,0.0,0.0,0.18,15.41,18,Aaron Rodgers,QB,NYJ
Caleb Williams QB - CHI,@GB,222.47,1.44,0.81,16.8,0.17,0.0,0.0,0.0,0.0,0.0,0.0,0.17,15.40,18,Caleb Williams,QB,CHI
Jayden Daniels QB - WAS,@DAL,190.26,1.12,0.78,29.69,0.33,0.0,0.0,0.0,0.0,0.0,0.0,0.17,15.14,18,Jayden Daniels,QB,WAS
Tua Tagovailoa QB - MIA,@NYJ,233.81,1.65,0.68,4.07,0.06,0.0,0.0,0.0,0.0,0.0,0.0,0.17,15.02,18,Tua Tagovailoa,QB,MIA
Kirk Cousins QB - ATL,CAR,243.4,1.56,0.75,4.59,0.06,0.0,0.0,0.0,0.0,0.0,0.0,0.19,14.92,18,Kirk Cousins,QB,ATL
Baker Mayfield QB - TB,NO,220.03,1.4,0.7,11.09,0.11,0.0,0.0,0.0,0.0,0.0,0.0,0.17,14.43,18,Baker Mayfield,QB,TB
Deshaun Watson QB - CLE,@BAL,189.21,1.23,0.73,21.86,0.22,0.0,0.0,0.0,0.0,0.0,0.0,0.17,14.19,18,Deshaun Watson,QB,CLE
Geno Smith QB - SEA,@LAR,214.18,1.36,0.62,8.51,0.12,0.0,0.0,0.0,0.0,0.0,0.0,0.17,14.00,18,Geno Smith,QB,SEA
Will Levis QB - TEN,HOU,219.54,1.37,0.8,9.56,0.11,0.0,0.0,0.0,0.0,0.0,0.0,0.17,13.94,18,Will Levis,QB,TEN
Drake Maye QB - NE,BUF,195.5,1.13,0.73,15.36,0.17,0.0,0.0,0.0,0.0,0.0,0.0,0.17,13.10,18,Drake Maye,QB,NE
